timestamp_utc,timestamp_et,session_date_et,ticker,open,high,low,close
2026-08-27T12:20:00Z,2026-08-27T08:20:00-04:00,2026-08-27,^TNX,4.658000,4.658000,4.656000,4.658000
2026-08-27T12:20:00Z,2026-08-27T08:20:00-04:00,2026-08-27,^TYX,5.181000,5.181000,5.180000,5.181000
2026-08-27T12:21:00Z,2026-08-27T08:21:00-04:00,2026-08-27,^TNX,4.660000,4.660000,4.660000,4.660000
2026-08-27T12:21:00Z,2026-08-27T08:21:00-04:00,2026-08-27,^TYX,5.182000,5.184000,5.181000,5.183000
2026-08-27T12:22:00Z,2026-08-27T08:22:00-04:00,2026-08-27,^TNX,4.660000,4.664000,4.660000,4.664000
2026-08-27T12:22:00Z,2026-08-27T08:22:00-04:00,2026-08-27,^TYX,5.183000,5.189000,5.183000,5.189000
2026-08-27T12:23:00Z,2026-08-27T08:23:00-04:00,2026-08-27,^TNX,4.666000,4.666000,4.666000,4.666000
2026-08-27T12:23:00Z,2026-08-27T08:23:00-04:00,2026-08-27,^TYX,5.190000,5.190000,5.189000,5.189000
2026-08-27T12:24:00Z,2026-08-27T08:24:00-04:00,2026-08-27,^TNX,4.664000,4.664000,4.664000,4.664000
2026-08-27T12:24:00Z,2026-08-27T08:24:00-04:00,2026-08-27,^TYX,5.187000,5.188000,5.187000,5.188000
2026-08-27T12:25:00Z,2026-08-27T08:25:00-04:00,2026-08-27,^TNX,4.664000,4.664000,4.662000,4.662000
2026-08-27T12:25:00Z,2026-08-27T08:25:00-04:00,2026-08-27,^TYX,5.187000,5.187000,5.185000,5.185000
2026-08-27T12:26:00Z,2026-08-27T08:26:00-04:00,2026-08-27,^TNX,4.660000,4.662000,4.660000,4.662000
2026-08-27T12:26:00Z,2026-08-27T08:26:00-04:00,2026-08-27,^TYX,5.184000,5.186000,5.184000,5.185000
2026-08-27T12:27:00Z,2026-08-27T08:27:00-04:00,2026-08-27,^TNX,4.662000,4.664000,4.662000,4.664000
2026-08-27T12:27:00Z,2026-08-27T08:27:00-04:00,2026-08-27,^TYX,5.186000,5.187000,5.185000,5.187000
2026-08-27T12:28:00Z,2026-08-27T08:28:00-04:00,2026-08-27,^TNX,4.662000,4.664000,4.662000,4.664000
2026-08-27T12:28:00Z,2026-08-27T08:28:00-04:00,2026-08-27,^TYX,5.186000,5.187000,5.186000,5.187000
2026-08-27T12:29:00Z,2026-08-27T08:29:00-04:00,2026-08-27,^TNX,4.664000,4.664000,4.664000,4.664000
2026-08-27T12:29:00Z,2026-08-27T08:29:00-04:00,2026-08-27,^TYX,5.186000,5.190000,5.185000,5.190000
2026-08-27T12:30:00Z,2026-08-27T08:30:00-04:00,2026-08-27,^TNX,4.662000,4.664000,4.662000,4.662000
2026-08-27T12:30:00Z,2026-08-27T08:30:00-04:00,2026-08-27,^TYX,5.191000,5.191000,5.186000,5.186000
2026-08-27T12:31:00Z,2026-08-27T08:31:00-04:00,2026-08-27,^TNX,4.664000,4.664000,4.664000,4.664000
2026-08-27T12:31:00Z,2026-08-27T08:31:00-04:00,2026-08-27,^TYX,5.187000,5.187000,5.186000,5.187000
2026-08-27T12:32:00Z,2026-08-27T08:32:00-04:00,2026-08-27,^TNX,4.664000,4.664000,4.662000,4.662000
2026-08-27T12:32:00Z,2026-08-27T08:32:00-04:00,2026-08-27,^TYX,5.186000,5.187000,5.186000,5.186000
2026-08-27T12:33:00Z,2026-08-27T08:33:00-04:00,2026-08-27,^TNX,4.662000,4.662000,4.662000,4.662000
2026-08-27T12:33:00Z,2026-08-27T08:33:00-04:00,2026-08-27,^TYX,5.185000,5.186000,5.185000,5.185000
2026-08-27T12:34:00Z,2026-08-27T08:34:00-04:00,2026-08-27,^TNX,4.662000,4.664000,4.662000,4.664000
2026-08-27T12:34:00Z,2026-08-27T08:34:00-04:00,2026-08-27,^TYX,5.185000,5.186000,5.185000,5.185000
2026-08-27T12:35:00Z,2026-08-27T08:35:00-04:00,2026-08-27,^TNX,4.664000,4.664000,4.664000,4.664000
2026-08-27T12:35:00Z,2026-08-27T08:35:00-04:00,2026-08-27,^TYX,5.185000,5.185000,5.185000,5.185000
2026-08-27T12:36:00Z,2026-08-27T08:36:00-04:00,2026-08-27,^TNX,4.662000,4.664000,4.662000,4.664000
2026-08-27T12:36:00Z,2026-08-27T08:36:00-04:00,2026-08-27,^TYX,5.184000,5.186000,5.184000,5.186000
2026-08-27T12:37:00Z,2026-08-27T08:37:00-04:00,2026-08-27,^TNX,4.664000,4.666000,4.664000,4.666000
2026-08-27T12:37:00Z,2026-08-27T08:37:00-04:00,2026-08-27,^TYX,5.187000,5.188000,5.187000,5.187000
2026-08-27T12:38:00Z,2026-08-27T08:38:00-04:00,2026-08-27,^TNX,4.666000,4.668000,4.666000,4.668000
2026-08-27T12:38:00Z,2026-08-27T08:38:00-04:00,2026-08-27,^TYX,5.187000,5.189000,5.187000,5.189000
2026-08-27T12:39:00Z,2026-08-27T08:39:00-04:00,2026-08-27,^TNX,4.668000,4.668000,4.666000,4.666000
2026-08-27T12:39:00Z,2026-08-27T08:39:00-04:00,2026-08-27,^TYX,5.189000,5.189000,5.188000,5.188000
2026-08-27T12:40:00Z,2026-08-27T08:40:00-04:00,2026-08-27,^TNX,4.668000,4.668000,4.668000,4.668000
2026-08-27T12:40:00Z,2026-08-27T08:40:00-04:00,2026-08-27,^TYX,5.189000,5.189000,5.188000,5.189000
2026-08-27T12:41:00Z,2026-08-27T08:41:00-04:00,2026-08-27,^TNX,4.668000,4.668000,4.664000,4.664000
2026-08-27T12:41:00Z,2026-08-27T08:41:00-04:00,2026-08-27,^TYX,5.189000,5.189000,5.186000,5.186000
2026-08-27T12:42:00Z,2026-08-27T08:42:00-04:00,2026-08-27,^TNX,4.664000,4.664000,4.662000,4.662000
2026-08-27T12:42:00Z,2026-08-27T08:42:00-04:00,2026-08-27,^TYX,5.186000,5.187000,5.185000,5.185000
2026-08-27T12:43:00Z,2026-08-27T08:43:00-04:00,2026-08-27,^TNX,4.662000,4.664000,4.660000,4.664000
2026-08-27T12:43:00Z,2026-08-27T08:43:00-04:00,2026-08-27,^TYX,5.185000,5.185000,5.184000,5.185000
2026-08-27T12:44:00Z,2026-08-27T08:44:00-04:00,2026-08-27,^TNX,4.664000,4.664000,4.662000,4.664000
2026-08-27T12:44:00Z,2026-08-27T08:44:00-04:00,2026-08-27,^TYX,5.186000,5.186000,5.186000,5.186000
2026-08-27T12:45:00Z,2026-08-27T08:45:00-04:00,2026-08-27,^TNX,4.664000,4.668000,4.664000,4.668000
2026-08-27T12:45:00Z,2026-08-27T08:45:00-04:00,2026-08-27,^TYX,5.186000,5.189000,5.186000,5.189000
2026-08-27T12:46:00Z,2026-08-27T08:46:00-04:00,2026-08-27,^TNX,4.666000,4.668000,4.666000,4.668000
2026-08-27T12:46:00Z,2026-08-27T08:46:00-04:00,2026-08-27,^TYX,5.189000,5.189000,5.189000,5.189000
2026-08-27T12:47:00Z,2026-08-27T08:47:00-04:00,2026-08-27,^TNX,4.668000,4.668000,4.668000,4.668000
2026-08-27T12:47:00Z,2026-08-27T08:47:00-04:00,2026-08-27,^TYX,5.189000,5.189000,5.189000,5.189000
2026-08-27T12:48:00Z,2026-08-27T08:48:00-04:00,2026-08-27,^TNX,4.668000,4.668000,4.668000,4.668000
2026-08-27T12:48:00Z,2026-08-27T08:48:00-04:00,2026-08-27,^TYX,5.189000,5.189000,5.189000,5.189000
2026-08-27T12:49:00Z,2026-08-27T08:49:00-04:00,2026-08-27,^TNX,4.668000,4.670000,4.668000,4.670000
2026-08-27T12:49:00Z,2026-08-27T08:49:00-04:00,2026-08-27,^TYX,5.189000,5.189000,5.188000,5.188000
2026-08-27T12:50:00Z,2026-08-27T08:50:00-04:00,2026-08-27,^TNX,4.670000,4.672000,4.670000,4.672000
2026-08-27T12:50:00Z,2026-08-27T08:50:00-04:00,2026-08-27,^TYX,5.188000,5.190000,5.188000,5.190000
2026-08-27T12:51:00Z,2026-08-27T08:51:00-04:00,2026-08-27,^TNX,4.670000,4.672000,4.670000,4.672000
2026-08-27T12:51:00Z,2026-08-27T08:51:00-04:00,2026-08-27,^TYX,5.189000,5.190000,5.189000,5.190000
2026-08-27T12:52:00Z,2026-08-27T08:52:00-04:00,2026-08-27,^TNX,4.672000,4.672000,4.670000,4.670000
2026-08-27T12:52:00Z,2026-08-27T08:52:00-04:00,2026-08-27,^TYX,5.190000,5.191000,5.189000,5.191000
2026-08-27T12:53:00Z,2026-08-27T08:53:00-04:00,2026-08-27,^TNX,4.672000,4.672000,4.672000,4.672000
2026-08-27T12:53:00Z,2026-08-27T08:53:00-04:00,2026-08-27,^TYX,5.192000,5.194000,5.192000,5.194000
2026-08-27T12:54:00Z,2026-08-27T08:54:00-04:00,2026-08-27,^TNX,4.672000,4.672000,4.670000,4.670000
2026-08-27T12:54:00Z,2026-08-27T08:54:00-04:00,2026-08-27,^TYX,5.194000,5.194000,5.192000,5.192000
2026-08-27T12:55:00Z,2026-08-27T08:55:00-04:00,2026-08-27,^TNX,4.670000,4.670000,4.668000,4.668000
2026-08-27T12:55:00Z,2026-08-27T08:55:00-04:00,2026-08-27,^TYX,5.192000,5.192000,5.191000,5.191000
2026-08-27T12:56:00Z,2026-08-27T08:56:00-04:00,2026-08-27,^TNX,4.668000,4.668000,4.668000,4.668000
2026-08-27T12:56:00Z,2026-08-27T08:56:00-04:00,2026-08-27,^TYX,5.190000,5.190000,5.190000,5.190000
2026-08-27T12:57:00Z,2026-08-27T08:57:00-04:00,2026-08-27,^TNX,4.668000,4.668000,4.664000,4.664000
2026-08-27T12:57:00Z,2026-08-27T08:57:00-04:00,2026-08-27,^TYX,5.190000,5.190000,5.187000,5.187000
2026-08-27T12:58:00Z,2026-08-27T08:58:00-04:00,2026-08-27,^TNX,4.664000,4.666000,4.664000,4.666000
2026-08-27T12:58:00Z,2026-08-27T08:58:00-04:00,2026-08-27,^TYX,5.187000,5.189000,5.187000,5.188000
2026-08-27T12:59:00Z,2026-08-27T08:59:00-04:00,2026-08-27,^TNX,4.668000,4.668000,4.666000,4.666000
2026-08-27T12:59:00Z,2026-08-27T08:59:00-04:00,2026-08-27,^TYX,5.190000,5.190000,5.189000,5.189000
2026-08-27T13:00:00Z,2026-08-27T09:00:00-04:00,2026-08-27,^TNX,4.666000,4.666000,4.662000,4.662000
2026-08-27T13:00:00Z,2026-08-27T09:00:00-04:00,2026-08-27,^TYX,5.189000,5.189000,5.185000,5.185000
2026-08-27T13:01:00Z,2026-08-27T09:01:00-04:00,2026-08-27,^TNX,4.662000,4.664000,4.662000,4.664000
2026-08-27T13:01:00Z,2026-08-27T09:01:00-04:00,2026-08-27,^TYX,5.185000,5.188000,5.185000,5.188000
2026-08-27T13:02:00Z,2026-08-27T09:02:00-04:00,2026-08-27,^TNX,4.664000,4.664000,4.660000,4.660000
2026-08-27T13:02:00Z,2026-08-27T09:02:00-04:00,2026-08-27,^TYX,5.188000,5.188000,5.186000,5.186000
2026-08-27T13:03:00Z,2026-08-27T09:03:00-04:00,2026-08-27,^TNX,4.660000,4.660000,4.658000,4.658000
2026-08-27T13:03:00Z,2026-08-27T09:03:00-04:00,2026-08-27,^TYX,5.186000,5.186000,5.184000,5.184000
2026-08-27T13:04:00Z,2026-08-27T09:04:00-04:00,2026-08-27,^TNX,4.660000,4.660000,4.660000,4.660000
2026-08-27T13:04:00Z,2026-08-27T09:04:00-04:00,2026-08-27,^TYX,5.185000,5.185000,5.184000,5.185000
2026-08-27T13:05:00Z,2026-08-27T09:05:00-04:00,2026-08-27,^TNX,4.660000,4.662000,4.660000,4.660000
2026-08-27T13:05:00Z,2026-08-27T09:05:00-04:00,2026-08-27,^TYX,5.185000,5.187000,5.185000,5.185000
2026-08-27T13:06:00Z,2026-08-27T09:06:00-04:00,2026-08-27,^TNX,4.662000,4.662000,4.660000,4.660000
2026-08-27T13:06:00Z,2026-08-27T09:06:00-04:00,2026-08-27,^TYX,5.187000,5.187000,5.185000,5.186000
2026-08-27T13:07:00Z,2026-08-27T09:07:00-04:00,2026-08-27,^TNX,4.660000,4.662000,4.660000,4.662000
2026-08-27T13:07:00Z,2026-08-27T09:07:00-04:00,2026-08-27,^TYX,5.185000,5.186000,5.185000,5.186000
2026-08-27T13:08:00Z,2026-08-27T09:08:00-04:00,2026-08-27,^TNX,4.664000,4.664000,4.662000,4.662000
2026-08-27T13:08:00Z,2026-08-27T09:08:00-04:00,2026-08-27,^TYX,5.187000,5.187000,5.187000,5.187000
2026-08-27T13:09:00Z,2026-08-27T09:09:00-04:00,2026-08-27,^TNX,4.664000,4.664000,4.664000,4.664000
2026-08-27T13:09:00Z,2026-08-27T09:09:00-04:00,2026-08-27,^TYX,5.187000,5.188000,5.187000,5.188000
2026-08-27T13:10:00Z,2026-08-27T09:10:00-04:00,2026-08-27,^TNX,4.664000,4.664000,4.664000,4.664000
2026-08-27T13:10:00Z,2026-08-27T09:10:00-04:00,2026-08-27,^TYX,5.188000,5.188000,5.187000,5.188000
2026-08-27T13:11:00Z,2026-08-27T09:11:00-04:00,2026-08-27,^TNX,4.664000,4.664000,4.664000,4.664000
2026-08-27T13:11:00Z,2026-08-27T09:11:00-04:00,2026-08-27,^TYX,5.188000,5.188000,5.188000,5.188000
2026-08-27T13:12:00Z,2026-08-27T09:12:00-04:00,2026-08-27,^TNX,4.664000,4.664000,4.664000,4.664000
2026-08-27T13:12:00Z,2026-08-27T09:12:00-04:00,2026-08-27,^TYX,5.188000,5.188000,5.188000,5.188000
2026-08-27T13:13:00Z,2026-08-27T09:13:00-04:00,2026-08-27,^TNX,4.664000,4.664000,4.664000,4.664000
2026-08-27T13:13:00Z,2026-08-27T09:13:00-04:00,2026-08-27,^TYX,5.188000,5.188000,5.188000,5.188000
2026-08-27T13:14:00Z,2026-08-27T09:14:00-04:00,2026-08-27,^TNX,4.664000,4.666000,4.664000,4.664000
2026-08-27T13:14:00Z,2026-08-27T09:14:00-04:00,2026-08-27,^TYX,5.189000,5.191000,5.189000,5.190000
2026-08-27T13:15:00Z,2026-08-27T09:15:00-04:00,2026-08-27,^TNX,4.664000,4.664000,4.664000,4.664000
2026-08-27T13:15:00Z,2026-08-27T09:15:00-04:00,2026-08-27,^TYX,5.189000,5.189000,5.188000,5.188000
2026-08-27T13:16:00Z,2026-08-27T09:16:00-04:00,2026-08-27,^TNX,4.664000,4.664000,4.662000,4.664000
2026-08-27T13:16:00Z,2026-08-27T09:16:00-04:00,2026-08-27,^TYX,5.188000,5.188000,5.187000,5.188000
2026-08-27T13:17:00Z,2026-08-27T09:17:00-04:00,2026-08-27,^TNX,4.664000,4.664000,4.662000,4.662000
2026-08-27T13:17:00Z,2026-08-27T09:17:00-04:00,2026-08-27,^TYX,5.188000,5.188000,5.186000,5.186000
2026-08-27T13:18:00Z,2026-08-27T09:18:00-04:00,2026-08-27,^TNX,4.662000,4.664000,4.662000,4.664000
2026-08-27T13:18:00Z,2026-08-27T09:18:00-04:00,2026-08-27,^TYX,5.186000,5.187000,5.186000,5.187000
2026-08-27T13:19:00Z,2026-08-27T09:19:00-04:00,2026-08-27,^TNX,4.664000,4.664000,4.664000,4.664000
2026-08-27T13:19:00Z,2026-08-27T09:19:00-04:00,2026-08-27,^TYX,5.187000,5.188000,5.187000,5.188000
2026-08-27T13:20:00Z,2026-08-27T09:20:00-04:00,2026-08-27,^TNX,4.664000,4.664000,4.664000,4.664000
2026-08-27T13:20:00Z,2026-08-27T09:20:00-04:00,2026-08-27,^TYX,5.188000,5.188000,5.187000,5.187000
2026-08-27T13:21:00Z,2026-08-27T09:21:00-04:00,2026-08-27,^TNX,4.664000,4.664000,4.660000,4.660000
2026-08-27T13:21:00Z,2026-08-27T09:21:00-04:00,2026-08-27,^TYX,5.187000,5.187000,5.185000,5.185000
2026-08-27T13:22:00Z,2026-08-27T09:22:00-04:00,2026-08-27,^TNX,4.660000,4.660000,4.658000,4.660000
2026-08-27T13:22:00Z,2026-08-27T09:22:00-04:00,2026-08-27,^TYX,5.186000,5.186000,5.183000,5.183000
2026-08-27T13:23:00Z,2026-08-27T09:23:00-04:00,2026-08-27,^TNX,4.660000,4.660000,4.660000,4.660000
2026-08-27T13:23:00Z,2026-08-27T09:23:00-04:00,2026-08-27,^TYX,5.184000,5.184000,5.183000,5.184000
2026-08-27T13:24:00Z,2026-08-27T09:24:00-04:00,2026-08-27,^TNX,4.660000,4.660000,4.660000,4.660000
2026-08-27T13:24:00Z,2026-08-27T09:24:00-04:00,2026-08-27,^TYX,5.184000,5.185000,5.183000,5.185000
2026-08-27T13:25:00Z,2026-08-27T09:25:00-04:00,2026-08-27,^TNX,4.660000,4.660000,4.660000,4.660000
2026-08-27T13:25:00Z,2026-08-27T09:25:00-04:00,2026-08-27,^TYX,5.184000,5.184000,5.183000,5.183000
2026-08-27T13:26:00Z,2026-08-27T09:26:00-04:00,2026-08-27,^TNX,4.660000,4.662000,4.660000,4.660000
2026-08-27T13:26:00Z,2026-08-27T09:26:00-04:00,2026-08-27,^TYX,5.184000,5.186000,5.184000,5.186000
2026-08-27T13:27:00Z,2026-08-27T09:27:00-04:00,2026-08-27,^TNX,4.662000,4.662000,4.660000,4.660000
2026-08-27T13:27:00Z,2026-08-27T09:27:00-04:00,2026-08-27,^TYX,5.187000,5.187000,5.184000,5.184000
2026-08-27T13:28:00Z,2026-08-27T09:28:00-04:00,2026-08-27,^TNX,4.660000,4.660000,4.658000,4.658000
2026-08-27T13:28:00Z,2026-08-27T09:28:00-04:00,2026-08-27,^TYX,5.184000,5.185000,5.184000,5.184000
2026-08-27T13:29:00Z,2026-08-27T09:29:00-04:00,2026-08-27,^TNX,4.660000,4.660000,4.660000,4.660000
2026-08-27T13:29:00Z,2026-08-27T09:29:00-04:00,2026-08-27,^TYX,5.185000,5.186000,5.185000,5.185000
2026-08-27T13:30:00Z,2026-08-27T09:30:00-04:00,2026-08-27,^TNX,4.660000,4.660000,4.660000,4.660000
2026-08-27T13:30:00Z,2026-08-27T09:30:00-04:00,2026-08-27,^TYX,5.184000,5.185000,5.184000,5.185000
2026-08-27T13:31:00Z,2026-08-27T09:31:00-04:00,2026-08-27,^TNX,4.660000,4.660000,4.660000,4.660000
2026-08-27T13:31:00Z,2026-08-27T09:31:00-04:00,2026-08-27,^TYX,5.185000,5.186000,5.185000,5.186000
2026-08-27T13:32:00Z,2026-08-27T09:32:00-04:00,2026-08-27,^TNX,4.660000,4.660000,4.660000,4.660000
2026-08-27T13:32:00Z,2026-08-27T09:32:00-04:00,2026-08-27,^TYX,5.186000,5.186000,5.185000,5.185000
2026-08-27T13:33:00Z,2026-08-27T09:33:00-04:00,2026-08-27,^TNX,4.660000,4.662000,4.660000,4.662000
2026-08-27T13:33:00Z,2026-08-27T09:33:00-04:00,2026-08-27,^TYX,5.186000,5.187000,5.185000,5.187000
2026-08-27T13:34:00Z,2026-08-27T09:34:00-04:00,2026-08-27,^TNX,4.660000,4.664000,4.660000,4.662000
2026-08-27T13:34:00Z,2026-08-27T09:34:00-04:00,2026-08-27,^TYX,5.186000,5.188000,5.186000,5.187000
2026-08-27T13:35:00Z,2026-08-27T09:35:00-04:00,2026-08-27,^TNX,4.662000,4.662000,4.660000,4.660000
2026-08-27T13:35:00Z,2026-08-27T09:35:00-04:00,2026-08-27,^TYX,5.187000,5.187000,5.185000,5.186000
2026-08-27T13:36:00Z,2026-08-27T09:36:00-04:00,2026-08-27,^TNX,4.660000,4.660000,4.658000,4.658000
2026-08-27T13:36:00Z,2026-08-27T09:36:00-04:00,2026-08-27,^TYX,5.185000,5.185000,5.183000,5.183000
2026-08-27T13:37:00Z,2026-08-27T09:37:00-04:00,2026-08-27,^TNX,4.658000,4.658000,4.658000,4.658000
2026-08-27T13:37:00Z,2026-08-27T09:37:00-04:00,2026-08-27,^TYX,5.183000,5.183000,5.182000,5.182000
2026-08-27T13:38:00Z,2026-08-27T09:38:00-04:00,2026-08-27,^TNX,4.658000,4.658000,4.656000,4.658000
2026-08-27T13:38:00Z,2026-08-27T09:38:00-04:00,2026-08-27,^TYX,5.182000,5.183000,5.182000,5.182000
2026-08-27T13:39:00Z,2026-08-27T09:39:00-04:00,2026-08-27,^TNX,4.658000,4.658000,4.658000,4.658000
2026-08-27T13:39:00Z,2026-08-27T09:39:00-04:00,2026-08-27,^TYX,5.183000,5.183000,5.183000,5.183000
2026-08-27T13:40:00Z,2026-08-27T09:40:00-04:00,2026-08-27,^TNX,4.658000,4.658000,4.658000,4.658000
2026-08-27T13:40:00Z,2026-08-27T09:40:00-04:00,2026-08-27,^TYX,5.183000,5.184000,5.183000,5.184000
2026-08-27T13:41:00Z,2026-08-27T09:41:00-04:00,2026-08-27,^TNX,4.660000,4.660000,4.658000,4.660000
2026-08-27T13:41:00Z,2026-08-27T09:41:00-04:00,2026-08-27,^TYX,5.184000,5.185000,5.184000,5.185000
2026-08-27T13:42:00Z,2026-08-27T09:42:00-04:00,2026-08-27,^TNX,4.660000,4.660000,4.660000,4.660000
2026-08-27T13:42:00Z,2026-08-27T09:42:00-04:00,2026-08-27,^TYX,5.186000,5.186000,5.185000,5.185000
2026-08-27T13:43:00Z,2026-08-27T09:43:00-04:00,2026-08-27,^TNX,4.660000,4.660000,4.660000,4.660000
2026-08-27T13:43:00Z,2026-08-27T09:43:00-04:00,2026-08-27,^TYX,5.185000,5.185000,5.184000,5.184000
2026-08-27T13:44:00Z,2026-08-27T09:44:00-04:00,2026-08-27,^TNX,4.658000,4.660000,4.658000,4.660000
2026-08-27T13:44:00Z,2026-08-27T09:44:00-04:00,2026-08-27,^TYX,5.183000,5.184000,5.183000,5.184000
2026-08-27T13:45:00Z,2026-08-27T09:45:00-04:00,2026-08-27,^TNX,4.660000,4.660000,4.660000,4.660000
2026-08-27T13:45:00Z,2026-08-27T09:45:00-04:00,2026-08-27,^TYX,5.184000,5.184000,5.183000,5.183000
2026-08-27T13:46:00Z,2026-08-27T09:46:00-04:00,2026-08-27,^TNX,4.660000,4.664000,4.660000,4.662000
2026-08-27T13:46:00Z,2026-08-27T09:46:00-04:00,2026-08-27,^TYX,5.184000,5.187000,5.184000,5.186000
2026-08-27T13:47:00Z,2026-08-27T09:47:00-04:00,2026-08-27,^TNX,4.662000,4.662000,4.660000,4.660000
2026-08-27T13:47:00Z,2026-08-27T09:47:00-04:00,2026-08-27,^TYX,5.186000,5.186000,5.185000,5.185000
2026-08-27T13:48:00Z,2026-08-27T09:48:00-04:00,2026-08-27,^TNX,4.662000,4.662000,4.660000,4.660000
2026-08-27T13:48:00Z,2026-08-27T09:48:00-04:00,2026-08-27,^TYX,5.185000,5.185000,5.183000,5.183000
2026-08-27T13:49:00Z,2026-08-27T09:49:00-04:00,2026-08-27,^TNX,4.660000,4.660000,4.660000,4.660000
2026-08-27T13:49:00Z,2026-08-27T09:49:00-04:00,2026-08-27,^TYX,5.183000,5.183000,5.183000,5.183000
2026-08-27T13:50:00Z,2026-08-27T09:50:00-04:00,2026-08-27,^TNX,4.660000,4.660000,4.660000,4.660000
2026-08-27T13:50:00Z,2026-08-27T09:50:00-04:00,2026-08-27,^TYX,5.184000,5.185000,5.184000,5.185000
2026-08-27T13:51:00Z,2026-08-27T09:51:00-04:00,2026-08-27,^TNX,4.660000,4.660000,4.658000,4.658000
2026-08-27T13:51:00Z,2026-08-27T09:51:00-04:00,2026-08-27,^TYX,5.184000,5.184000,5.182000,5.183000
2026-08-27T13:52:00Z,2026-08-27T09:52:00-04:00,2026-08-27,^TNX,4.658000,4.658000,4.656000,4.656000
2026-08-27T13:52:00Z,2026-08-27T09:52:00-04:00,2026-08-27,^TYX,5.182000,5.182000,5.180000,5.180000
2026-08-27T13:53:00Z,2026-08-27T09:53:00-04:00,2026-08-27,^TNX,4.656000,4.656000,4.656000,4.656000
2026-08-27T13:53:00Z,2026-08-27T09:53:00-04:00,2026-08-27,^TYX,5.181000,5.181000,5.180000,5.181000
2026-08-27T13:54:00Z,2026-08-27T09:54:00-04:00,2026-08-27,^TNX,4.656000,4.658000,4.656000,4.658000
2026-08-27T13:54:00Z,2026-08-27T09:54:00-04:00,2026-08-27,^TYX,5.181000,5.182000,5.181000,5.182000
2026-08-27T13:55:00Z,2026-08-27T09:55:00-04:00,2026-08-27,^TNX,4.658000,4.658000,4.658000,4.658000
2026-08-27T13:55:00Z,2026-08-27T09:55:00-04:00,2026-08-27,^TYX,5.183000,5.183000,5.182000,5.183000
2026-08-27T13:56:00Z,2026-08-27T09:56:00-04:00,2026-08-27,^TNX,4.658000,4.660000,4.656000,4.656000
2026-08-27T13:56:00Z,2026-08-27T09:56:00-04:00,2026-08-27,^TYX,5.183000,5.183000,5.181000,5.181000
2026-08-27T13:57:00Z,2026-08-27T09:57:00-04:00,2026-08-27,^TNX,4.656000,4.658000,4.656000,4.658000
2026-08-27T13:57:00Z,2026-08-27T09:57:00-04:00,2026-08-27,^TYX,5.182000,5.183000,5.182000,5.183000
2026-08-27T13:58:00Z,2026-08-27T09:58:00-04:00,2026-08-27,^TNX,4.658000,4.660000,4.658000,4.660000
2026-08-27T13:58:00Z,2026-08-27T09:58:00-04:00,2026-08-27,^TYX,5.182000,5.184000,5.182000,5.184000
2026-08-27T13:59:00Z,2026-08-27T09:59:00-04:00,2026-08-27,^TNX,4.660000,4.660000,4.660000,4.660000
2026-08-27T13:59:00Z,2026-08-27T09:59:00-04:00,2026-08-27,^TYX,5.185000,5.186000,5.183000,5.185000
2026-08-27T14:00:00Z,2026-08-27T10:00:00-04:00,2026-08-27,^TNX,4.660000,4.660000,4.660000,4.660000
2026-08-27T14:00:00Z,2026-08-27T10:00:00-04:00,2026-08-27,^TYX,5.184000,5.185000,5.184000,5.185000
2026-08-27T14:01:00Z,2026-08-27T10:01:00-04:00,2026-08-27,^TNX,4.660000,4.660000,4.660000,4.660000
2026-08-27T14:01:00Z,2026-08-27T10:01:00-04:00,2026-08-27,^TYX,5.185000,5.185000,5.183000,5.183000
2026-08-27T14:02:00Z,2026-08-27T10:02:00-04:00,2026-08-27,^TNX,4.658000,4.658000,4.656000,4.658000
2026-08-27T14:02:00Z,2026-08-27T10:02:00-04:00,2026-08-27,^TYX,5.183000,5.183000,5.182000,5.182000
2026-08-27T14:03:00Z,2026-08-27T10:03:00-04:00,2026-08-27,^TNX,4.660000,4.660000,4.658000,4.658000
2026-08-27T14:03:00Z,2026-08-27T10:03:00-04:00,2026-08-27,^TYX,5.184000,5.184000,5.183000,5.183000
2026-08-27T14:04:00Z,2026-08-27T10:04:00-04:00,2026-08-27,^TNX,4.658000,4.658000,4.658000,4.658000
2026-08-27T14:04:00Z,2026-08-27T10:04:00-04:00,2026-08-27,^TYX,5.183000,5.183000,5.183000,5.183000
2026-08-27T14:05:00Z,2026-08-27T10:05:00-04:00,2026-08-27,^TNX,4.658000,4.660000,4.658000,4.660000
2026-08-27T14:05:00Z,2026-08-27T10:05:00-04:00,2026-08-27,^TYX,5.183000,5.185000,5.183000,5.185000
2026-08-27T14:06:00Z,2026-08-27T10:06:00-04:00,2026-08-27,^TNX,4.660000,4.660000,4.660000,4.660000
2026-08-27T14:06:00Z,2026-08-27T10:06:00-04:00,2026-08-27,^TYX,5.186000,5.186000,5.185000,5.185000
2026-08-27T14:07:00Z,2026-08-27T10:07:00-04:00,2026-08-27,^TNX,4.660000,4.662000,4.660000,4.660000
2026-08-27T14:07:00Z,2026-08-27T10:07:00-04:00,2026-08-27,^TYX,5.186000,5.187000,5.185000,5.185000
2026-08-27T14:08:00Z,2026-08-27T10:08:00-04:00,2026-08-27,^TNX,4.660000,4.660000,4.660000,4.660000
2026-08-27T14:08:00Z,2026-08-27T10:08:00-04:00,2026-08-27,^TYX,5.185000,5.185000,5.185000,5.185000
2026-08-27T14:09:00Z,2026-08-27T10:09:00-04:00,2026-08-27,^TNX,4.660000,4.662000,4.660000,4.662000
2026-08-27T14:09:00Z,2026-08-27T10:09:00-04:00,2026-08-27,^TYX,5.185000,5.188000,5.185000,5.188000
2026-08-27T14:10:00Z,2026-08-27T10:10:00-04:00,2026-08-27,^TNX,4.662000,4.662000,4.660000,4.660000
2026-08-27T14:10:00Z,2026-08-27T10:10:00-04:00,2026-08-27,^TYX,5.188000,5.188000,5.186000,5.186000
2026-08-27T14:11:00Z,2026-08-27T10:11:00-04:00,2026-08-27,^TNX,4.660000,4.660000,4.660000,4.660000
2026-08-27T14:11:00Z,2026-08-27T10:11:00-04:00,2026-08-27,^TYX,5.185000,5.186000,5.185000,5.186000
2026-08-27T14:12:00Z,2026-08-27T10:12:00-04:00,2026-08-27,^TNX,4.660000,4.660000,4.660000,4.660000
2026-08-27T14:12:00Z,2026-08-27T10:12:00-04:00,2026-08-27,^TYX,5.187000,5.187000,5.186000,5.187000
2026-08-27T14:13:00Z,2026-08-27T10:13:00-04:00,2026-08-27,^TNX,4.660000,4.662000,4.660000,4.662000
2026-08-27T14:13:00Z,2026-08-27T10:13:00-04:00,2026-08-27,^TYX,5.187000,5.188000,5.187000,5.187000
2026-08-27T14:14:00Z,2026-08-27T10:14:00-04:00,2026-08-27,^TNX,4.662000,4.662000,4.662000,4.662000
2026-08-27T14:14:00Z,2026-08-27T10:14:00-04:00,2026-08-27,^TYX,5.187000,5.187000,5.187000,5.187000
2026-08-27T14:15:00Z,2026-08-27T10:15:00-04:00,2026-08-27,^TNX,4.662000,4.662000,4.662000,4.662000
2026-08-27T14:15:00Z,2026-08-27T10:15:00-04:00,2026-08-27,^TYX,5.187000,5.187000,5.187000,5.187000
2026-08-27T14:16:00Z,2026-08-27T10:16:00-04:00,2026-08-27,^TNX,4.662000,4.662000,4.662000,4.662000
2026-08-27T14:16:00Z,2026-08-27T10:16:00-04:00,2026-08-27,^TYX,5.187000,5.187000,5.187000,5.187000
2026-08-27T14:17:00Z,2026-08-27T10:17:00-04:00,2026-08-27,^TNX,4.662000,4.662000,4.662000,4.662000
2026-08-27T14:17:00Z,2026-08-27T10:17:00-04:00,2026-08-27,^TYX,5.187000,5.187000,5.187000,5.187000
2026-08-27T14:18:00Z,2026-08-27T10:18:00-04:00,2026-08-27,^TNX,4.662000,4.662000,4.662000,4.662000
2026-08-27T14:18:00Z,2026-08-27T10:18:00-04:00,2026-08-27,^TYX,5.187000,5.187000,5.187000,5.187000
2026-08-27T14:19:00Z,2026-08-27T10:19:00-04:00,2026-08-27,^TNX,4.662000,4.662000,4.662000,4.662000
2026-08-27T14:19:00Z,2026-08-27T10:19:00-04:00,2026-08-27,^TYX,5.187000,5.187000,5.187000,5.187000
2026-08-27T14:20:00Z,2026-08-27T10:20:00-04:00,2026-08-27,^TNX,4.662000,4.662000,4.662000,4.662000
2026-08-27T14:20:00Z,2026-08-27T10:20:00-04:00,2026-08-27,^TYX,5.187000,5.187000,5.187000,5.187000
2026-08-27T14:21:00Z,2026-08-27T10:21:00-04:00,2026-08-27,^TNX,4.662000,4.662000,4.662000,4.662000
2026-08-27T14:21:00Z,2026-08-27T10:21:00-04:00,2026-08-27,^TYX,5.187000,5.187000,5.187000,5.187000
2026-08-27T14:22:00Z,2026-08-27T10:22:00-04:00,2026-08-27,^TNX,4.662000,4.662000,4.662000,4.662000
2026-08-27T14:22:00Z,2026-08-27T10:22:00-04:00,2026-08-27,^TYX,5.187000,5.187000,5.187000,5.187000
2026-08-27T14:23:00Z,2026-08-27T10:23:00-04:00,2026-08-27,^TNX,4.662000,4.662000,4.662000,4.662000
2026-08-27T14:23:00Z,2026-08-27T10:23:00-04:00,2026-08-27,^TYX,5.187000,5.187000,5.187000,5.187000
2026-08-27T14:24:00Z,2026-08-27T10:24:00-04:00,2026-08-27,^TNX,4.664000,4.666000,4.664000,4.666000
2026-08-27T14:24:00Z,2026-08-27T10:24:00-04:00,2026-08-27,^TYX,5.187000,5.190000,5.187000,5.190000
2026-08-27T14:25:00Z,2026-08-27T10:25:00-04:00,2026-08-27,^TNX,4.666000,4.668000,4.666000,4.666000
2026-08-27T14:25:00Z,2026-08-27T10:25:00-04:00,2026-08-27,^TYX,5.190000,5.191000,5.190000,5.190000
2026-08-27T14:26:00Z,2026-08-27T10:26:00-04:00,2026-08-27,^TNX,4.666000,4.666000,4.666000,4.666000
2026-08-27T14:26:00Z,2026-08-27T10:26:00-04:00,2026-08-27,^TYX,5.190000,5.190000,5.189000,5.190000
2026-08-27T14:27:00Z,2026-08-27T10:27:00-04:00,2026-08-27,^TNX,4.666000,4.666000,4.664000,4.664000
2026-08-27T14:27:00Z,2026-08-27T10:27:00-04:00,2026-08-27,^TYX,5.190000,5.190000,5.189000,5.189000
2026-08-27T14:28:00Z,2026-08-27T10:28:00-04:00,2026-08-27,^TNX,4.664000,4.666000,4.664000,4.666000
2026-08-27T14:28:00Z,2026-08-27T10:28:00-04:00,2026-08-27,^TYX,5.189000,5.190000,5.189000,5.190000
2026-08-27T14:29:00Z,2026-08-27T10:29:00-04:00,2026-08-27,^TNX,4.666000,4.666000,4.664000,4.666000
2026-08-27T14:29:00Z,2026-08-27T10:29:00-04:00,2026-08-27,^TYX,5.190000,5.191000,5.190000,5.190000
2026-08-27T14:30:00Z,2026-08-27T10:30:00-04:00,2026-08-27,^TNX,4.664000,4.664000,4.664000,4.664000
2026-08-27T14:30:00Z,2026-08-27T10:30:00-04:00,2026-08-27,^TYX,5.190000,5.190000,5.188000,5.189000
2026-08-27T14:31:00Z,2026-08-27T10:31:00-04:00,2026-08-27,^TNX,4.664000,4.664000,4.664000,4.664000
2026-08-27T14:31:00Z,2026-08-27T10:31:00-04:00,2026-08-27,^TYX,5.189000,5.189000,5.188000,5.188000
2026-08-27T14:32:00Z,2026-08-27T10:32:00-04:00,2026-08-27,^TNX,4.664000,4.664000,4.662000,4.662000
2026-08-27T14:32:00Z,2026-08-27T10:32:00-04:00,2026-08-27,^TYX,5.188000,5.188000,5.187000,5.187000
2026-08-27T14:33:00Z,2026-08-27T10:33:00-04:00,2026-08-27,^TNX,4.662000,4.662000,4.662000,4.662000
2026-08-27T14:33:00Z,2026-08-27T10:33:00-04:00,2026-08-27,^TYX,5.188000,5.188000,5.187000,5.187000
2026-08-27T14:34:00Z,2026-08-27T10:34:00-04:00,2026-08-27,^TNX,4.662000,4.662000,4.660000,4.660000
2026-08-27T14:34:00Z,2026-08-27T10:34:00-04:00,2026-08-27,^TYX,5.187000,5.187000,5.186000,5.186000
2026-08-27T14:35:00Z,2026-08-27T10:35:00-04:00,2026-08-27,^TNX,4.660000,4.662000,4.660000,4.662000
2026-08-27T14:35:00Z,2026-08-27T10:35:00-04:00,2026-08-27,^TYX,5.185000,5.187000,5.185000,5.187000
2026-08-27T14:36:00Z,2026-08-27T10:36:00-04:00,2026-08-27,^TNX,4.660000,4.660000,4.660000,4.660000
2026-08-27T14:36:00Z,2026-08-27T10:36:00-04:00,2026-08-27,^TYX,5.185000,5.185000,5.185000,5.185000
2026-08-27T14:37:00Z,2026-08-27T10:37:00-04:00,2026-08-27,^TNX,4.660000,4.662000,4.660000,4.662000
2026-08-27T14:37:00Z,2026-08-27T10:37:00-04:00,2026-08-27,^TYX,5.185000,5.188000,5.185000,5.188000
2026-08-27T14:38:00Z,2026-08-27T10:38:00-04:00,2026-08-27,^TNX,4.662000,4.662000,4.662000,4.662000
2026-08-27T14:38:00Z,2026-08-27T10:38:00-04:00,2026-08-27,^TYX,5.187000,5.188000,5.187000,5.187000
2026-08-27T14:39:00Z,2026-08-27T10:39:00-04:00,2026-08-27,^TNX,4.662000,4.664000,4.660000,4.660000
2026-08-27T14:39:00Z,2026-08-27T10:39:00-04:00,2026-08-27,^TYX,5.187000,5.188000,5.187000,5.187000
2026-08-27T14:40:00Z,2026-08-27T10:40:00-04:00,2026-08-27,^TNX,4.660000,4.660000,4.660000,4.660000
2026-08-27T14:40:00Z,2026-08-27T10:40:00-04:00,2026-08-27,^TYX,5.187000,5.187000,5.186000,5.186000
2026-08-27T14:41:00Z,2026-08-27T10:41:00-04:00,2026-08-27,^TNX,4.660000,4.662000,4.660000,4.662000
2026-08-27T14:41:00Z,2026-08-27T10:41:00-04:00,2026-08-27,^TYX,5.186000,5.187000,5.186000,5.187000
2026-08-27T14:42:00Z,2026-08-27T10:42:00-04:00,2026-08-27,^TNX,4.662000,4.662000,4.660000,4.660000
2026-08-27T14:42:00Z,2026-08-27T10:42:00-04:00,2026-08-27,^TYX,5.187000,5.187000,5.185000,5.185000
2026-08-27T14:43:00Z,2026-08-27T10:43:00-04:00,2026-08-27,^TNX,4.660000,4.660000,4.660000,4.660000
2026-08-27T14:43:00Z,2026-08-27T10:43:00-04:00,2026-08-27,^TYX,5.186000,5.186000,5.185000,5.185000
2026-08-27T14:44:00Z,2026-08-27T10:44:00-04:00,2026-08-27,^TNX,4.658000,4.660000,4.658000,4.660000
2026-08-27T14:44:00Z,2026-08-27T10:44:00-04:00,2026-08-27,^TYX,5.185000,5.186000,5.185000,5.186000
2026-08-27T14:45:00Z,2026-08-27T10:45:00-04:00,2026-08-27,^TNX,4.660000,4.660000,4.658000,4.658000
2026-08-27T14:45:00Z,2026-08-27T10:45:00-04:00,2026-08-27,^TYX,5.186000,5.186000,5.185000,5.185000
2026-08-27T14:46:00Z,2026-08-27T10:46:00-04:00,2026-08-27,^TNX,4.658000,4.658000,4.656000,4.656000
2026-08-27T14:46:00Z,2026-08-27T10:46:00-04:00,2026-08-27,^TYX,5.184000,5.184000,5.182000,5.183000
2026-08-27T14:47:00Z,2026-08-27T10:47:00-04:00,2026-08-27,^TNX,4.656000,4.658000,4.656000,4.658000
2026-08-27T14:47:00Z,2026-08-27T10:47:00-04:00,2026-08-27,^TYX,5.183000,5.183000,5.183000,5.183000
2026-08-27T14:48:00Z,2026-08-27T10:48:00-04:00,2026-08-27,^TNX,4.658000,4.658000,4.656000,4.656000
2026-08-27T14:48:00Z,2026-08-27T10:48:00-04:00,2026-08-27,^TYX,5.183000,5.183000,5.182000,5.182000
2026-08-27T14:49:00Z,2026-08-27T10:49:00-04:00,2026-08-27,^TNX,4.656000,4.656000,4.656000,4.656000
2026-08-27T14:49:00Z,2026-08-27T10:49:00-04:00,2026-08-27,^TYX,5.182000,5.183000,5.182000,5.182000
2026-08-27T14:50:00Z,2026-08-27T10:50:00-04:00,2026-08-27,^TNX,4.656000,4.656000,4.656000,4.656000
2026-08-27T14:50:00Z,2026-08-27T10:50:00-04:00,2026-08-27,^TYX,5.181000,5.181000,5.180000,5.180000
2026-08-27T14:51:00Z,2026-08-27T10:51:00-04:00,2026-08-27,^TNX,4.656000,4.656000,4.654000,4.654000
2026-08-27T14:51:00Z,2026-08-27T10:51:00-04:00,2026-08-27,^TYX,5.180000,5.180000,5.179000,5.179000
2026-08-27T14:52:00Z,2026-08-27T10:52:00-04:00,2026-08-27,^TNX,4.653000,4.653000,4.650000,4.650000
2026-08-27T14:52:00Z,2026-08-27T10:52:00-04:00,2026-08-27,^TYX,5.176000,5.176000,5.174000,5.174000
2026-08-27T14:53:00Z,2026-08-27T10:53:00-04:00,2026-08-27,^TNX,4.650000,4.650000,4.649000,4.650000
2026-08-27T14:53:00Z,2026-08-27T10:53:00-04:00,2026-08-27,^TYX,5.174000,5.175000,5.174000,5.174000
2026-08-27T14:54:00Z,2026-08-27T10:54:00-04:00,2026-08-27,^TNX,4.650000,4.653000,4.650000,4.653000
2026-08-27T14:54:00Z,2026-08-27T10:54:00-04:00,2026-08-27,^TYX,5.174000,5.176000,5.174000,5.176000
2026-08-27T14:55:00Z,2026-08-27T10:55:00-04:00,2026-08-27,^TNX,4.653000,4.653000,4.653000,4.653000
2026-08-27T14:55:00Z,2026-08-27T10:55:00-04:00,2026-08-27,^TYX,5.176000,5.176000,5.175000,5.175000
2026-08-27T14:56:00Z,2026-08-27T10:56:00-04:00,2026-08-27,^TNX,4.650000,4.650000,4.650000,4.650000
2026-08-27T14:56:00Z,2026-08-27T10:56:00-04:00,2026-08-27,^TYX,5.174000,5.174000,5.174000,5.174000
2026-08-27T14:57:00Z,2026-08-27T10:57:00-04:00,2026-08-27,^TNX,4.650000,4.653000,4.650000,4.650000
2026-08-27T14:57:00Z,2026-08-27T10:57:00-04:00,2026-08-27,^TYX,5.174000,5.175000,5.174000,5.175000
2026-08-27T14:58:00Z,2026-08-27T10:58:00-04:00,2026-08-27,^TNX,4.653000,4.653000,4.650000,4.650000
2026-08-27T14:58:00Z,2026-08-27T10:58:00-04:00,2026-08-27,^TYX,5.176000,5.176000,5.174000,5.174000
2026-08-27T14:59:00Z,2026-08-27T10:59:00-04:00,2026-08-27,^TNX,4.650000,4.653000,4.650000,4.653000
2026-08-27T14:59:00Z,2026-08-27T10:59:00-04:00,2026-08-27,^TYX,5.174000,5.178000,5.174000,5.178000
2026-08-27T15:00:00Z,2026-08-27T11:00:00-04:00,2026-08-27,^TNX,4.653000,4.653000,4.653000,4.653000
2026-08-27T15:00:00Z,2026-08-27T11:00:00-04:00,2026-08-27,^TYX,5.178000,5.180000,5.178000,5.180000
2026-08-27T15:01:00Z,2026-08-27T11:01:00-04:00,2026-08-27,^TNX,4.653000,4.653000,4.653000,4.653000
2026-08-27T15:01:00Z,2026-08-27T11:01:00-04:00,2026-08-27,^TYX,5.179000,5.179000,5.178000,5.178000
2026-08-27T15:02:00Z,2026-08-27T11:02:00-04:00,2026-08-27,^TNX,4.653000,4.653000,4.653000,4.653000
2026-08-27T15:02:00Z,2026-08-27T11:02:00-04:00,2026-08-27,^TYX,5.178000,5.179000,5.178000,5.178000
2026-08-27T15:03:00Z,2026-08-27T11:03:00-04:00,2026-08-27,^TNX,4.653000,4.653000,4.653000,4.653000
2026-08-27T15:03:00Z,2026-08-27T11:03:00-04:00,2026-08-27,^TYX,5.179000,5.179000,5.178000,5.178000
2026-08-27T15:04:00Z,2026-08-27T11:04:00-04:00,2026-08-27,^TNX,4.653000,4.653000,4.653000,4.653000
2026-08-27T15:04:00Z,2026-08-27T11:04:00-04:00,2026-08-27,^TYX,5.178000,5.178000,5.178000,5.178000
2026-08-27T15:05:00Z,2026-08-27T11:05:00-04:00,2026-08-27,^TNX,4.653000,4.653000,4.653000,4.653000
2026-08-27T15:05:00Z,2026-08-27T11:05:00-04:00,2026-08-27,^TYX,5.178000,5.178000,5.176000,5.178000
2026-08-27T15:06:00Z,2026-08-27T11:06:00-04:00,2026-08-27,^TNX,4.653000,4.653000,4.653000,4.653000
2026-08-27T15:06:00Z,2026-08-27T11:06:00-04:00,2026-08-27,^TYX,5.178000,5.179000,5.178000,5.179000
2026-08-27T15:07:00Z,2026-08-27T11:07:00-04:00,2026-08-27,^TNX,4.654000,4.656000,4.653000,4.656000
2026-08-27T15:07:00Z,2026-08-27T11:07:00-04:00,2026-08-27,^TYX,5.179000,5.180000,5.179000,5.180000
2026-08-27T15:08:00Z,2026-08-27T11:08:00-04:00,2026-08-27,^TNX,4.656000,4.656000,4.656000,4.656000
2026-08-27T15:08:00Z,2026-08-27T11:08:00-04:00,2026-08-27,^TYX,5.180000,5.181000,5.180000,5.180000
2026-08-27T15:09:00Z,2026-08-27T11:09:00-04:00,2026-08-27,^TNX,4.656000,4.656000,4.654000,4.654000
2026-08-27T15:09:00Z,2026-08-27T11:09:00-04:00,2026-08-27,^TYX,5.180000,5.180000,5.178000,5.178000
2026-08-27T15:10:00Z,2026-08-27T11:10:00-04:00,2026-08-27,^TNX,4.654000,4.656000,4.654000,4.654000
2026-08-27T15:10:00Z,2026-08-27T11:10:00-04:00,2026-08-27,^TYX,5.178000,5.180000,5.178000,5.179000
2026-08-27T15:11:00Z,2026-08-27T11:11:00-04:00,2026-08-27,^TNX,4.656000,4.656000,4.656000,4.656000
2026-08-27T15:11:00Z,2026-08-27T11:11:00-04:00,2026-08-27,^TYX,5.179000,5.180000,5.179000,5.180000
2026-08-27T15:12:00Z,2026-08-27T11:12:00-04:00,2026-08-27,^TNX,4.656000,4.656000,4.656000,4.656000
2026-08-27T15:12:00Z,2026-08-27T11:12:00-04:00,2026-08-27,^TYX,5.180000,5.180000,5.180000,5.180000
2026-08-27T15:13:00Z,2026-08-27T11:13:00-04:00,2026-08-27,^TNX,4.656000,4.656000,4.656000,4.656000
2026-08-27T15:13:00Z,2026-08-27T11:13:00-04:00,2026-08-27,^TYX,5.181000,5.181000,5.180000,5.180000
2026-08-27T15:14:00Z,2026-08-27T11:14:00-04:00,2026-08-27,^TNX,4.656000,4.658000,4.656000,4.658000
2026-08-27T15:14:00Z,2026-08-27T11:14:00-04:00,2026-08-27,^TYX,5.180000,5.181000,5.180000,5.181000
2026-08-27T15:15:00Z,2026-08-27T11:15:00-04:00,2026-08-27,^TNX,4.658000,4.658000,4.656000,4.656000
2026-08-27T15:15:00Z,2026-08-27T11:15:00-04:00,2026-08-27,^TYX,5.181000,5.181000,5.180000,5.180000
2026-08-27T15:16:00Z,2026-08-27T11:16:00-04:00,2026-08-27,^TNX,4.656000,4.656000,4.656000,4.656000
2026-08-27T15:16:00Z,2026-08-27T11:16:00-04:00,2026-08-27,^TYX,5.179000,5.180000,5.179000,5.180000
2026-08-27T15:17:00Z,2026-08-27T11:17:00-04:00,2026-08-27,^TNX,4.656000,4.656000,4.656000,4.656000
2026-08-27T15:17:00Z,2026-08-27T11:17:00-04:00,2026-08-27,^TYX,5.180000,5.181000,5.179000,5.181000
2026-08-27T15:18:00Z,2026-08-27T11:18:00-04:00,2026-08-27,^TNX,4.656000,4.656000,4.656000,4.656000
2026-08-27T15:18:00Z,2026-08-27T11:18:00-04:00,2026-08-27,^TYX,5.181000,5.181000,5.181000,5.181000
2026-08-27T15:19:00Z,2026-08-27T11:19:00-04:00,2026-08-27,^TNX,4.656000,4.656000,4.656000,4.656000
2026-08-27T15:19:00Z,2026-08-27T11:19:00-04:00,2026-08-27,^TYX,5.181000,5.181000,5.181000,5.181000
2026-08-27T15:20:00Z,2026-08-27T11:20:00-04:00,2026-08-27,^TNX,4.656000,4.656000,4.656000,4.656000
2026-08-27T15:20:00Z,2026-08-27T11:20:00-04:00,2026-08-27,^TYX,5.181000,5.182000,5.181000,5.181000
2026-08-27T15:21:00Z,2026-08-27T11:21:00-04:00,2026-08-27,^TNX,4.656000,4.656000,4.656000,4.656000
2026-08-27T15:21:00Z,2026-08-27T11:21:00-04:00,2026-08-27,^TYX,5.182000,5.182000,5.181000,5.181000
2026-08-27T15:22:00Z,2026-08-27T11:22:00-04:00,2026-08-27,^TNX,4.656000,4.656000,4.656000,4.656000
2026-08-27T15:22:00Z,2026-08-27T11:22:00-04:00,2026-08-27,^TYX,5.181000,5.181000,5.180000,5.181000
2026-08-27T15:23:00Z,2026-08-27T11:23:00-04:00,2026-08-27,^TNX,4.656000,4.658000,4.656000,4.656000
2026-08-27T15:23:00Z,2026-08-27T11:23:00-04:00,2026-08-27,^TYX,5.180000,5.181000,5.180000,5.180000
2026-08-27T15:24:00Z,2026-08-27T11:24:00-04:00,2026-08-27,^TNX,4.656000,4.656000,4.656000,4.656000
2026-08-27T15:24:00Z,2026-08-27T11:24:00-04:00,2026-08-27,^TYX,5.180000,5.181000,5.180000,5.180000
2026-08-27T15:25:00Z,2026-08-27T11:25:00-04:00,2026-08-27,^TNX,4.656000,4.656000,4.656000,4.656000
2026-08-27T15:25:00Z,2026-08-27T11:25:00-04:00,2026-08-27,^TYX,5.180000,5.180000,5.180000,5.180000
2026-08-27T15:26:00Z,2026-08-27T11:26:00-04:00,2026-08-27,^TNX,4.656000,4.658000,4.656000,4.658000
2026-08-27T15:26:00Z,2026-08-27T11:26:00-04:00,2026-08-27,^TYX,5.180000,5.181000,5.180000,5.181000
2026-08-27T15:27:00Z,2026-08-27T11:27:00-04:00,2026-08-27,^TNX,4.660000,4.660000,4.660000,4.660000
2026-08-27T15:27:00Z,2026-08-27T11:27:00-04:00,2026-08-27,^TYX,5.181000,5.182000,5.181000,5.182000
2026-08-27T15:28:00Z,2026-08-27T11:28:00-04:00,2026-08-27,^TNX,4.658000,4.658000,4.656000,4.656000
2026-08-27T15:28:00Z,2026-08-27T11:28:00-04:00,2026-08-27,^TYX,5.181000,5.181000,5.179000,5.180000
2026-08-27T15:29:00Z,2026-08-27T11:29:00-04:00,2026-08-27,^TNX,4.656000,4.656000,4.656000,4.656000
2026-08-27T15:29:00Z,2026-08-27T11:29:00-04:00,2026-08-27,^TYX,5.180000,5.180000,5.180000,5.180000
2026-08-27T15:30:00Z,2026-08-27T11:30:00-04:00,2026-08-27,^TNX,4.656000,4.656000,4.656000,4.656000
2026-08-27T15:30:00Z,2026-08-27T11:30:00-04:00,2026-08-27,^TYX,5.180000,5.181000,5.180000,5.181000
2026-08-27T15:31:00Z,2026-08-27T11:31:00-04:00,2026-08-27,^TNX,4.656000,4.656000,4.656000,4.656000
2026-08-27T15:31:00Z,2026-08-27T11:31:00-04:00,2026-08-27,^TYX,5.181000,5.181000,5.180000,5.180000
2026-08-27T15:32:00Z,2026-08-27T11:32:00-04:00,2026-08-27,^TNX,4.656000,4.656000,4.656000,4.656000
2026-08-27T15:32:00Z,2026-08-27T11:32:00-04:00,2026-08-27,^TYX,5.181000,5.181000,5.181000,5.181000
2026-08-27T15:33:00Z,2026-08-27T11:33:00-04:00,2026-08-27,^TNX,4.656000,4.658000,4.656000,4.656000
2026-08-27T15:33:00Z,2026-08-27T11:33:00-04:00,2026-08-27,^TYX,5.181000,5.184000,5.181000,5.183000
2026-08-27T15:34:00Z,2026-08-27T11:34:00-04:00,2026-08-27,^TNX,4.656000,4.656000,4.656000,4.656000
2026-08-27T15:34:00Z,2026-08-27T11:34:00-04:00,2026-08-27,^TYX,5.183000,5.183000,5.182000,5.183000
2026-08-27T15:35:00Z,2026-08-27T11:35:00-04:00,2026-08-27,^TNX,4.656000,4.656000,4.656000,4.656000
2026-08-27T15:35:00Z,2026-08-27T11:35:00-04:00,2026-08-27,^TYX,5.183000,5.183000,5.183000,5.183000
2026-08-27T15:36:00Z,2026-08-27T11:36:00-04:00,2026-08-27,^TNX,4.656000,4.658000,4.656000,4.658000
2026-08-27T15:36:00Z,2026-08-27T11:36:00-04:00,2026-08-27,^TYX,5.183000,5.184000,5.183000,5.183000
2026-08-27T15:37:00Z,2026-08-27T11:37:00-04:00,2026-08-27,^TNX,4.658000,4.658000,4.656000,4.656000
2026-08-27T15:37:00Z,2026-08-27T11:37:00-04:00,2026-08-27,^TYX,5.183000,5.183000,5.182000,5.182000
2026-08-27T15:38:00Z,2026-08-27T11:38:00-04:00,2026-08-27,^TNX,4.656000,4.656000,4.656000,4.656000
2026-08-27T15:38:00Z,2026-08-27T11:38:00-04:00,2026-08-27,^TYX,5.182000,5.182000,5.182000,5.182000
2026-08-27T15:39:00Z,2026-08-27T11:39:00-04:00,2026-08-27,^TNX,4.656000,4.656000,4.656000,4.656000
2026-08-27T15:39:00Z,2026-08-27T11:39:00-04:00,2026-08-27,^TYX,5.183000,5.183000,5.180000,5.181000
2026-08-27T15:40:00Z,2026-08-27T11:40:00-04:00,2026-08-27,^TNX,4.658000,4.658000,4.658000,4.658000
2026-08-27T15:40:00Z,2026-08-27T11:40:00-04:00,2026-08-27,^TYX,5.181000,5.182000,5.181000,5.182000
2026-08-27T15:41:00Z,2026-08-27T11:41:00-04:00,2026-08-27,^TNX,4.658000,4.658000,4.656000,4.656000
2026-08-27T15:41:00Z,2026-08-27T11:41:00-04:00,2026-08-27,^TYX,5.182000,5.182000,5.180000,5.180000
2026-08-27T15:42:00Z,2026-08-27T11:42:00-04:00,2026-08-27,^TNX,4.656000,4.656000,4.656000,4.656000
2026-08-27T15:42:00Z,2026-08-27T11:42:00-04:00,2026-08-27,^TYX,5.180000,5.180000,5.179000,5.180000
2026-08-27T15:43:00Z,2026-08-27T11:43:00-04:00,2026-08-27,^TNX,4.656000,4.656000,4.656000,4.656000
2026-08-27T15:43:00Z,2026-08-27T11:43:00-04:00,2026-08-27,^TYX,5.180000,5.180000,5.179000,5.179000
2026-08-27T15:44:00Z,2026-08-27T11:44:00-04:00,2026-08-27,^TNX,4.656000,4.656000,4.656000,4.656000
2026-08-27T15:44:00Z,2026-08-27T11:44:00-04:00,2026-08-27,^TYX,5.180000,5.180000,5.180000,5.180000
2026-08-27T15:45:00Z,2026-08-27T11:45:00-04:00,2026-08-27,^TNX,4.656000,4.658000,4.656000,4.656000
2026-08-27T15:45:00Z,2026-08-27T11:45:00-04:00,2026-08-27,^TYX,5.180000,5.181000,5.179000,5.180000
2026-08-27T15:46:00Z,2026-08-27T11:46:00-04:00,2026-08-27,^TNX,4.658000,4.658000,4.658000,4.658000
2026-08-27T15:46:00Z,2026-08-27T11:46:00-04:00,2026-08-27,^TYX,5.180000,5.181000,5.180000,5.181000
2026-08-27T15:47:00Z,2026-08-27T11:47:00-04:00,2026-08-27,^TNX,4.656000,4.656000,4.656000,4.656000
2026-08-27T15:47:00Z,2026-08-27T11:47:00-04:00,2026-08-27,^TYX,5.180000,5.180000,5.179000,5.179000
2026-08-27T15:48:00Z,2026-08-27T11:48:00-04:00,2026-08-27,^TNX,4.656000,4.656000,4.656000,4.656000
2026-08-27T15:48:00Z,2026-08-27T11:48:00-04:00,2026-08-27,^TYX,5.179000,5.180000,5.179000,5.180000
2026-08-27T15:49:00Z,2026-08-27T11:49:00-04:00,2026-08-27,^TNX,4.656000,4.658000,4.656000,4.658000
2026-08-27T15:49:00Z,2026-08-27T11:49:00-04:00,2026-08-27,^TYX,5.180000,5.181000,5.180000,5.181000
2026-08-27T15:50:00Z,2026-08-27T11:50:00-04:00,2026-08-27,^TNX,4.656000,4.656000,4.656000,4.656000
2026-08-27T15:50:00Z,2026-08-27T11:50:00-04:00,2026-08-27,^TYX,5.180000,5.180000,5.180000,5.180000
2026-08-27T15:51:00Z,2026-08-27T11:51:00-04:00,2026-08-27,^TNX,4.656000,4.656000,4.656000,4.656000
2026-08-27T15:51:00Z,2026-08-27T11:51:00-04:00,2026-08-27,^TYX,5.179000,5.180000,5.179000,5.180000
2026-08-27T15:52:00Z,2026-08-27T11:52:00-04:00,2026-08-27,^TNX,4.656000,4.656000,4.656000,4.656000
2026-08-27T15:52:00Z,2026-08-27T11:52:00-04:00,2026-08-27,^TYX,5.180000,5.181000,5.179000,5.181000
2026-08-27T15:53:00Z,2026-08-27T11:53:00-04:00,2026-08-27,^TNX,4.656000,4.656000,4.656000,4.656000
2026-08-27T15:53:00Z,2026-08-27T11:53:00-04:00,2026-08-27,^TYX,5.180000,5.180000,5.179000,5.179000
2026-08-27T15:54:00Z,2026-08-27T11:54:00-04:00,2026-08-27,^TNX,4.656000,4.656000,4.656000,4.656000
2026-08-27T15:54:00Z,2026-08-27T11:54:00-04:00,2026-08-27,^TYX,5.179000,5.179000,5.179000,5.179000
2026-08-27T15:55:00Z,2026-08-27T11:55:00-04:00,2026-08-27,^TNX,4.656000,4.656000,4.656000,4.656000
2026-08-27T15:55:00Z,2026-08-27T11:55:00-04:00,2026-08-27,^TYX,5.179000,5.180000,5.179000,5.179000
2026-08-27T15:56:00Z,2026-08-27T11:56:00-04:00,2026-08-27,^TNX,4.656000,4.656000,4.656000,4.656000
2026-08-27T15:56:00Z,2026-08-27T11:56:00-04:00,2026-08-27,^TYX,5.180000,5.181000,5.180000,5.180000
2026-08-27T15:57:00Z,2026-08-27T11:57:00-04:00,2026-08-27,^TNX,4.656000,4.656000,4.656000,4.656000
2026-08-27T15:57:00Z,2026-08-27T11:57:00-04:00,2026-08-27,^TYX,5.180000,5.181000,5.180000,5.180000
2026-08-27T15:58:00Z,2026-08-27T11:58:00-04:00,2026-08-27,^TNX,4.656000,4.658000,4.656000,4.658000
2026-08-27T15:58:00Z,2026-08-27T11:58:00-04:00,2026-08-27,^TYX,5.180000,5.182000,5.180000,5.181000
2026-08-27T15:59:00Z,2026-08-27T11:59:00-04:00,2026-08-27,^TNX,4.658000,4.658000,4.658000,4.658000
2026-08-27T15:59:00Z,2026-08-27T11:59:00-04:00,2026-08-27,^TYX,5.182000,5.182000,5.182000,5.182000
2026-08-27T16:00:00Z,2026-08-27T12:00:00-04:00,2026-08-27,^TNX,4.658000,4.658000,4.658000,4.658000
2026-08-27T16:00:00Z,2026-08-27T12:00:00-04:00,2026-08-27,^TYX,5.182000,5.182000,5.182000,5.182000
2026-08-27T16:01:00Z,2026-08-27T12:01:00-04:00,2026-08-27,^TNX,4.658000,4.658000,4.658000,4.658000
2026-08-27T16:01:00Z,2026-08-27T12:01:00-04:00,2026-08-27,^TYX,5.182000,5.182000,5.182000,5.182000
2026-08-27T16:02:00Z,2026-08-27T12:02:00-04:00,2026-08-27,^TNX,4.658000,4.660000,4.658000,4.658000
2026-08-27T16:02:00Z,2026-08-27T12:02:00-04:00,2026-08-27,^TYX,5.182000,5.184000,5.182000,5.182000
2026-08-27T16:03:00Z,2026-08-27T12:03:00-04:00,2026-08-27,^TNX,4.658000,4.658000,4.658000,4.658000
2026-08-27T16:03:00Z,2026-08-27T12:03:00-04:00,2026-08-27,^TYX,5.183000,5.183000,5.183000,5.183000
2026-08-27T16:04:00Z,2026-08-27T12:04:00-04:00,2026-08-27,^TNX,4.658000,4.658000,4.658000,4.658000
2026-08-27T16:04:00Z,2026-08-27T12:04:00-04:00,2026-08-27,^TYX,5.183000,5.183000,5.183000,5.183000
2026-08-27T16:05:00Z,2026-08-27T12:05:00-04:00,2026-08-27,^TNX,4.660000,4.660000,4.660000,4.660000
2026-08-27T16:05:00Z,2026-08-27T12:05:00-04:00,2026-08-27,^TYX,5.184000,5.184000,5.184000,5.184000
2026-08-27T16:06:00Z,2026-08-27T12:06:00-04:00,2026-08-27,^TNX,4.660000,4.660000,4.660000,4.660000
2026-08-27T16:06:00Z,2026-08-27T12:06:00-04:00,2026-08-27,^TYX,5.184000,5.184000,5.183000,5.184000
2026-08-27T16:07:00Z,2026-08-27T12:07:00-04:00,2026-08-27,^TNX,4.660000,4.660000,4.660000,4.660000
2026-08-27T16:07:00Z,2026-08-27T12:07:00-04:00,2026-08-27,^TYX,5.184000,5.185000,5.184000,5.185000
2026-08-27T16:08:00Z,2026-08-27T12:08:00-04:00,2026-08-27,^TNX,4.660000,4.662000,4.660000,4.662000
2026-08-27T16:08:00Z,2026-08-27T12:08:00-04:00,2026-08-27,^TYX,5.185000,5.185000,5.184000,5.185000
2026-08-27T16:09:00Z,2026-08-27T12:09:00-04:00,2026-08-27,^TNX,4.662000,4.662000,4.662000,4.662000
2026-08-27T16:09:00Z,2026-08-27T12:09:00-04:00,2026-08-27,^TYX,5.186000,5.186000,5.186000,5.186000
2026-08-27T16:10:00Z,2026-08-27T12:10:00-04:00,2026-08-27,^TNX,4.662000,4.662000,4.662000,4.662000
2026-08-27T16:10:00Z,2026-08-27T12:10:00-04:00,2026-08-27,^TYX,5.187000,5.187000,5.186000,5.187000
2026-08-27T16:11:00Z,2026-08-27T12:11:00-04:00,2026-08-27,^TNX,4.662000,4.662000,4.660000,4.660000
2026-08-27T16:11:00Z,2026-08-27T12:11:00-04:00,2026-08-27,^TYX,5.187000,5.187000,5.186000,5.186000
2026-08-27T16:12:00Z,2026-08-27T12:12:00-04:00,2026-08-27,^TNX,4.662000,4.662000,4.660000,4.660000
2026-08-27T16:12:00Z,2026-08-27T12:12:00-04:00,2026-08-27,^TYX,5.186000,5.186000,5.186000,5.186000
2026-08-27T16:13:00Z,2026-08-27T12:13:00-04:00,2026-08-27,^TNX,4.660000,4.660000,4.660000,4.660000
2026-08-27T16:13:00Z,2026-08-27T12:13:00-04:00,2026-08-27,^TYX,5.186000,5.186000,5.185000,5.185000
2026-08-27T16:14:00Z,2026-08-27T12:14:00-04:00,2026-08-27,^TNX,4.660000,4.660000,4.660000,4.660000
2026-08-27T16:14:00Z,2026-08-27T12:14:00-04:00,2026-08-27,^TYX,5.185000,5.185000,5.184000,5.184000
2026-08-27T16:15:00Z,2026-08-27T12:15:00-04:00,2026-08-27,^TNX,4.660000,4.660000,4.660000,4.660000
2026-08-27T16:15:00Z,2026-08-27T12:15:00-04:00,2026-08-27,^TYX,5.184000,5.184000,5.184000,5.184000
2026-08-27T16:16:00Z,2026-08-27T12:16:00-04:00,2026-08-27,^TNX,4.660000,4.660000,4.660000,4.660000
2026-08-27T16:16:00Z,2026-08-27T12:16:00-04:00,2026-08-27,^TYX,5.184000,5.184000,5.184000,5.184000
2026-08-27T16:17:00Z,2026-08-27T12:17:00-04:00,2026-08-27,^TNX,4.660000,4.662000,4.660000,4.660000
2026-08-27T16:17:00Z,2026-08-27T12:17:00-04:00,2026-08-27,^TYX,5.185000,5.185000,5.184000,5.184000
2026-08-27T16:18:00Z,2026-08-27T12:18:00-04:00,2026-08-27,^TNX,4.662000,4.662000,4.660000,4.660000
2026-08-27T16:18:00Z,2026-08-27T12:18:00-04:00,2026-08-27,^TYX,5.185000,5.185000,5.184000,5.184000
2026-08-27T16:19:00Z,2026-08-27T12:19:00-04:00,2026-08-27,^TNX,4.660000,4.662000,4.660000,4.660000
2026-08-27T16:19:00Z,2026-08-27T12:19:00-04:00,2026-08-27,^TYX,5.184000,5.184000,5.184000,5.184000
2026-08-27T16:20:00Z,2026-08-27T12:20:00-04:00,2026-08-27,^TNX,4.660000,4.660000,4.660000,4.660000
2026-08-27T16:20:00Z,2026-08-27T12:20:00-04:00,2026-08-27,^TYX,5.184000,5.184000,5.184000,5.184000
2026-08-27T16:21:00Z,2026-08-27T12:21:00-04:00,2026-08-27,^TNX,4.660000,4.660000,4.660000,4.660000
2026-08-27T16:21:00Z,2026-08-27T12:21:00-04:00,2026-08-27,^TYX,5.184000,5.184000,5.183000,5.184000
2026-08-27T16:22:00Z,2026-08-27T12:22:00-04:00,2026-08-27,^TNX,4.662000,4.662000,4.660000,4.660000
2026-08-27T16:22:00Z,2026-08-27T12:22:00-04:00,2026-08-27,^TYX,5.184000,5.184000,5.184000,5.184000
2026-08-27T16:23:00Z,2026-08-27T12:23:00-04:00,2026-08-27,^TNX,4.660000,4.660000,4.660000,4.660000
2026-08-27T16:23:00Z,2026-08-27T12:23:00-04:00,2026-08-27,^TYX,5.184000,5.184000,5.183000,5.183000
2026-08-27T16:24:00Z,2026-08-27T12:24:00-04:00,2026-08-27,^TNX,4.660000,4.660000,4.660000,4.660000
2026-08-27T16:24:00Z,2026-08-27T12:24:00-04:00,2026-08-27,^TYX,5.183000,5.184000,5.183000,5.184000
2026-08-27T16:25:00Z,2026-08-27T12:25:00-04:00,2026-08-27,^TNX,4.660000,4.660000,4.660000,4.660000
2026-08-27T16:25:00Z,2026-08-27T12:25:00-04:00,2026-08-27,^TYX,5.184000,5.184000,5.183000,5.184000
2026-08-27T16:26:00Z,2026-08-27T12:26:00-04:00,2026-08-27,^TNX,4.660000,4.660000,4.660000,4.660000
2026-08-27T16:26:00Z,2026-08-27T12:26:00-04:00,2026-08-27,^TYX,5.184000,5.184000,5.183000,5.184000
2026-08-27T16:27:00Z,2026-08-27T12:27:00-04:00,2026-08-27,^TNX,4.660000,4.660000,4.658000,4.658000
2026-08-27T16:27:00Z,2026-08-27T12:27:00-04:00,2026-08-27,^TYX,5.184000,5.184000,5.183000,5.183000
2026-08-27T16:28:00Z,2026-08-27T12:28:00-04:00,2026-08-27,^TNX,4.660000,4.660000,4.658000,4.658000
2026-08-27T16:28:00Z,2026-08-27T12:28:00-04:00,2026-08-27,^TYX,5.183000,5.183000,5.182000,5.182000
2026-08-27T16:29:00Z,2026-08-27T12:29:00-04:00,2026-08-27,^TNX,4.658000,4.658000,4.658000,4.658000
2026-08-27T16:29:00Z,2026-08-27T12:29:00-04:00,2026-08-27,^TYX,5.182000,5.182000,5.182000,5.182000
2026-08-27T16:30:00Z,2026-08-27T12:30:00-04:00,2026-08-27,^TNX,4.658000,4.658000,4.658000,4.658000
2026-08-27T16:30:00Z,2026-08-27T12:30:00-04:00,2026-08-27,^TYX,5.182000,5.182000,5.182000,5.182000
2026-08-27T16:31:00Z,2026-08-27T12:31:00-04:00,2026-08-27,^TNX,4.658000,4.658000,4.658000,4.658000
2026-08-27T16:31:00Z,2026-08-27T12:31:00-04:00,2026-08-27,^TYX,5.182000,5.182000,5.182000,5.182000
2026-08-27T16:32:00Z,2026-08-27T12:32:00-04:00,2026-08-27,^TNX,4.658000,4.658000,4.658000,4.658000
2026-08-27T16:32:00Z,2026-08-27T12:32:00-04:00,2026-08-27,^TYX,5.182000,5.182000,5.181000,5.181000
2026-08-27T16:33:00Z,2026-08-27T12:33:00-04:00,2026-08-27,^TNX,4.658000,4.660000,4.658000,4.660000
2026-08-27T16:33:00Z,2026-08-27T12:33:00-04:00,2026-08-27,^TYX,5.182000,5.183000,5.182000,5.183000
2026-08-27T16:34:00Z,2026-08-27T12:34:00-04:00,2026-08-27,^TNX,4.660000,4.660000,4.660000,4.660000
2026-08-27T16:34:00Z,2026-08-27T12:34:00-04:00,2026-08-27,^TYX,5.182000,5.182000,5.182000,5.182000
2026-08-27T16:35:00Z,2026-08-27T12:35:00-04:00,2026-08-27,^TNX,4.660000,4.660000,4.660000,4.660000
2026-08-27T16:35:00Z,2026-08-27T12:35:00-04:00,2026-08-27,^TYX,5.182000,5.183000,5.182000,5.183000
2026-08-27T16:36:00Z,2026-08-27T12:36:00-04:00,2026-08-27,^TNX,4.660000,4.660000,4.658000,4.658000
2026-08-27T16:36:00Z,2026-08-27T12:36:00-04:00,2026-08-27,^TYX,5.182000,5.182000,5.182000,5.182000
2026-08-27T16:37:00Z,2026-08-27T12:37:00-04:00,2026-08-27,^TNX,4.658000,4.658000,4.658000,4.658000
2026-08-27T16:37:00Z,2026-08-27T12:37:00-04:00,2026-08-27,^TYX,5.182000,5.182000,5.182000,5.182000
2026-08-27T16:38:00Z,2026-08-27T12:38:00-04:00,2026-08-27,^TNX,4.658000,4.658000,4.658000,4.658000
2026-08-27T16:38:00Z,2026-08-27T12:38:00-04:00,2026-08-27,^TYX,5.182000,5.182000,5.182000,5.182000
2026-08-27T16:39:00Z,2026-08-27T12:39:00-04:00,2026-08-27,^TNX,4.658000,4.658000,4.658000,4.658000
2026-08-27T16:39:00Z,2026-08-27T12:39:00-04:00,2026-08-27,^TYX,5.182000,5.182000,5.182000,5.182000
2026-08-27T16:40:00Z,2026-08-27T12:40:00-04:00,2026-08-27,^TNX,4.658000,4.660000,4.658000,4.660000
2026-08-27T16:40:00Z,2026-08-27T12:40:00-04:00,2026-08-27,^TYX,5.182000,5.183000,5.182000,5.183000
2026-08-27T16:41:00Z,2026-08-27T12:41:00-04:00,2026-08-27,^TNX,4.660000,4.660000,4.660000,4.660000
2026-08-27T16:41:00Z,2026-08-27T12:41:00-04:00,2026-08-27,^TYX,5.183000,5.184000,5.183000,5.184000
2026-08-27T16:42:00Z,2026-08-27T12:42:00-04:00,2026-08-27,^TNX,4.660000,4.660000,4.660000,4.660000
2026-08-27T16:42:00Z,2026-08-27T12:42:00-04:00,2026-08-27,^TYX,5.184000,5.184000,5.184000,5.184000
2026-08-27T16:43:00Z,2026-08-27T12:43:00-04:00,2026-08-27,^TNX,4.660000,4.660000,4.660000,4.660000
2026-08-27T16:43:00Z,2026-08-27T12:43:00-04:00,2026-08-27,^TYX,5.184000,5.184000,5.184000,5.184000
2026-08-27T16:44:00Z,2026-08-27T12:44:00-04:00,2026-08-27,^TNX,4.660000,4.660000,4.660000,4.660000
2026-08-27T16:44:00Z,2026-08-27T12:44:00-04:00,2026-08-27,^TYX,5.184000,5.185000,5.184000,5.185000
2026-08-27T16:45:00Z,2026-08-27T12:45:00-04:00,2026-08-27,^TNX,4.660000,4.662000,4.660000,4.662000
2026-08-27T16:45:00Z,2026-08-27T12:45:00-04:00,2026-08-27,^TYX,5.185000,5.186000,5.185000,5.186000
2026-08-27T16:46:00Z,2026-08-27T12:46:00-04:00,2026-08-27,^TNX,4.662000,4.664000,4.662000,4.664000
2026-08-27T16:46:00Z,2026-08-27T12:46:00-04:00,2026-08-27,^TYX,5.186000,5.187000,5.186000,5.187000
2026-08-27T16:47:00Z,2026-08-27T12:47:00-04:00,2026-08-27,^TNX,4.664000,4.668000,4.664000,4.668000
2026-08-27T16:47:00Z,2026-08-27T12:47:00-04:00,2026-08-27,^TYX,5.187000,5.188000,5.187000,5.188000
2026-08-27T16:48:00Z,2026-08-27T12:48:00-04:00,2026-08-27,^TNX,4.666000,4.666000,4.664000,4.664000
2026-08-27T16:48:00Z,2026-08-27T12:48:00-04:00,2026-08-27,^TYX,5.188000,5.188000,5.187000,5.187000
2026-08-27T16:49:00Z,2026-08-27T12:49:00-04:00,2026-08-27,^TNX,4.664000,4.666000,4.664000,4.666000
2026-08-27T16:49:00Z,2026-08-27T12:49:00-04:00,2026-08-27,^TYX,5.187000,5.188000,5.187000,5.188000
2026-08-27T16:50:00Z,2026-08-27T12:50:00-04:00,2026-08-27,^TNX,4.666000,4.666000,4.664000,4.664000
2026-08-27T16:50:00Z,2026-08-27T12:50:00-04:00,2026-08-27,^TYX,5.187000,5.188000,5.187000,5.187000
2026-08-27T16:51:00Z,2026-08-27T12:51:00-04:00,2026-08-27,^TNX,4.666000,4.666000,4.664000,4.664000
2026-08-27T16:51:00Z,2026-08-27T12:51:00-04:00,2026-08-27,^TYX,5.187000,5.188000,5.186000,5.186000
2026-08-27T16:52:00Z,2026-08-27T12:52:00-04:00,2026-08-27,^TNX,4.664000,4.664000,4.664000,4.664000
2026-08-27T16:52:00Z,2026-08-27T12:52:00-04:00,2026-08-27,^TYX,5.186000,5.187000,5.186000,5.187000
2026-08-27T16:53:00Z,2026-08-27T12:53:00-04:00,2026-08-27,^TNX,4.664000,4.664000,4.664000,4.664000
2026-08-27T16:53:00Z,2026-08-27T12:53:00-04:00,2026-08-27,^TYX,5.187000,5.187000,5.186000,5.187000
2026-08-27T16:54:00Z,2026-08-27T12:54:00-04:00,2026-08-27,^TNX,4.664000,4.664000,4.664000,4.664000
2026-08-27T16:54:00Z,2026-08-27T12:54:00-04:00,2026-08-27,^TYX,5.187000,5.187000,5.187000,5.187000
2026-08-27T16:55:00Z,2026-08-27T12:55:00-04:00,2026-08-27,^TNX,4.664000,4.666000,4.664000,4.664000
2026-08-27T16:55:00Z,2026-08-27T12:55:00-04:00,2026-08-27,^TYX,5.188000,5.188000,5.187000,5.188000
2026-08-27T16:56:00Z,2026-08-27T12:56:00-04:00,2026-08-27,^TNX,4.666000,4.666000,4.664000,4.666000
2026-08-27T16:56:00Z,2026-08-27T12:56:00-04:00,2026-08-27,^TYX,5.188000,5.188000,5.187000,5.188000
2026-08-27T16:57:00Z,2026-08-27T12:57:00-04:00,2026-08-27,^TNX,4.666000,4.666000,4.664000,4.666000
2026-08-27T16:57:00Z,2026-08-27T12:57:00-04:00,2026-08-27,^TYX,5.188000,5.188000,5.187000,5.187000
2026-08-27T16:58:00Z,2026-08-27T12:58:00-04:00,2026-08-27,^TNX,4.664000,4.664000,4.664000,4.664000
2026-08-27T16:58:00Z,2026-08-27T12:58:00-04:00,2026-08-27,^TYX,5.187000,5.187000,5.187000,5.187000
2026-08-27T16:59:00Z,2026-08-27T12:59:00-04:00,2026-08-27,^TNX,4.664000,4.666000,4.664000,4.666000
2026-08-27T16:59:00Z,2026-08-27T12:59:00-04:00,2026-08-27,^TYX,5.187000,5.188000,5.187000,5.188000
2026-08-27T17:00:00Z,2026-08-27T13:00:00-04:00,2026-08-27,^TNX,4.666000,4.666000,4.664000,4.666000
2026-08-27T17:00:00Z,2026-08-27T13:00:00-04:00,2026-08-27,^TYX,5.188000,5.188000,5.188000,5.188000
2026-08-27T17:01:00Z,2026-08-27T13:01:00-04:00,2026-08-27,^TNX,4.666000,4.666000,4.664000,4.666000
2026-08-27T17:01:00Z,2026-08-27T13:01:00-04:00,2026-08-27,^TYX,5.188000,5.188000,5.187000,5.187000
2026-08-27T17:02:00Z,2026-08-27T13:02:00-04:00,2026-08-27,^TNX,4.666000,4.668000,4.666000,4.666000
2026-08-27T17:02:00Z,2026-08-27T13:02:00-04:00,2026-08-27,^TYX,5.187000,5.189000,5.187000,5.188000
2026-08-27T17:03:00Z,2026-08-27T13:03:00-04:00,2026-08-27,^TNX,4.664000,4.664000,4.662000,4.662000
2026-08-27T17:03:00Z,2026-08-27T13:03:00-04:00,2026-08-27,^TYX,5.188000,5.188000,5.186000,5.186000
2026-08-27T17:04:00Z,2026-08-27T13:04:00-04:00,2026-08-27,^TNX,4.664000,4.664000,4.664000,4.664000
2026-08-27T17:04:00Z,2026-08-27T13:04:00-04:00,2026-08-27,^TYX,5.186000,5.186000,5.186000,5.186000
2026-08-27T17:05:00Z,2026-08-27T13:05:00-04:00,2026-08-27,^TNX,4.664000,4.664000,4.664000,4.664000
2026-08-27T17:05:00Z,2026-08-27T13:05:00-04:00,2026-08-27,^TYX,5.186000,5.186000,5.186000,5.186000
2026-08-27T17:06:00Z,2026-08-27T13:06:00-04:00,2026-08-27,^TNX,4.664000,4.666000,4.664000,4.666000
2026-08-27T17:06:00Z,2026-08-27T13:06:00-04:00,2026-08-27,^TYX,5.186000,5.187000,5.186000,5.186000
2026-08-27T17:07:00Z,2026-08-27T13:07:00-04:00,2026-08-27,^TNX,4.664000,4.666000,4.664000,4.664000
2026-08-27T17:07:00Z,2026-08-27T13:07:00-04:00,2026-08-27,^TYX,5.186000,5.186000,5.186000,5.186000
2026-08-27T17:08:00Z,2026-08-27T13:08:00-04:00,2026-08-27,^TNX,4.666000,4.666000,4.666000,4.666000
2026-08-27T17:08:00Z,2026-08-27T13:08:00-04:00,2026-08-27,^TYX,5.186000,5.186000,5.186000,5.186000
2026-08-27T17:09:00Z,2026-08-27T13:09:00-04:00,2026-08-27,^TNX,4.666000,4.666000,4.664000,4.664000
2026-08-27T17:09:00Z,2026-08-27T13:09:00-04:00,2026-08-27,^TYX,5.185000,5.186000,5.185000,5.185000
2026-08-27T17:10:00Z,2026-08-27T13:10:00-04:00,2026-08-27,^TNX,4.666000,4.666000,4.664000,4.664000
2026-08-27T17:10:00Z,2026-08-27T13:10:00-04:00,2026-08-27,^TYX,5.186000,5.186000,5.186000,5.186000
2026-08-27T17:11:00Z,2026-08-27T13:11:00-04:00,2026-08-27,^TNX,4.666000,4.666000,4.666000,4.666000
2026-08-27T17:11:00Z,2026-08-27T13:11:00-04:00,2026-08-27,^TYX,5.186000,5.186000,5.186000,5.186000
2026-08-27T17:12:00Z,2026-08-27T13:12:00-04:00,2026-08-27,^TNX,4.664000,4.666000,4.664000,4.664000
2026-08-27T17:12:00Z,2026-08-27T13:12:00-04:00,2026-08-27,^TYX,5.186000,5.186000,5.185000,5.185000
2026-08-27T17:13:00Z,2026-08-27T13:13:00-04:00,2026-08-27,^TNX,4.664000,4.664000,4.664000,4.664000
2026-08-27T17:13:00Z,2026-08-27T13:13:00-04:00,2026-08-27,^TYX,5.186000,5.186000,5.185000,5.186000
2026-08-27T17:14:00Z,2026-08-27T13:14:00-04:00,2026-08-27,^TNX,4.664000,4.664000,4.664000,4.664000
2026-08-27T17:14:00Z,2026-08-27T13:14:00-04:00,2026-08-27,^TYX,5.185000,5.185000,5.185000,5.185000
2026-08-27T17:15:00Z,2026-08-27T13:15:00-04:00,2026-08-27,^TNX,4.664000,4.664000,4.664000,4.664000
2026-08-27T17:15:00Z,2026-08-27T13:15:00-04:00,2026-08-27,^TYX,5.185000,5.185000,5.184000,5.184000
2026-08-27T17:16:00Z,2026-08-27T13:16:00-04:00,2026-08-27,^TNX,4.664000,4.664000,4.664000,4.664000
2026-08-27T17:16:00Z,2026-08-27T13:16:00-04:00,2026-08-27,^TYX,5.184000,5.185000,5.184000,5.184000
2026-08-27T17:17:00Z,2026-08-27T13:17:00-04:00,2026-08-27,^TNX,4.664000,4.664000,4.664000,4.664000
2026-08-27T17:17:00Z,2026-08-27T13:17:00-04:00,2026-08-27,^TYX,5.184000,5.185000,5.184000,5.185000
2026-08-27T17:18:00Z,2026-08-27T13:18:00-04:00,2026-08-27,^TNX,4.664000,4.664000,4.664000,4.664000
2026-08-27T17:18:00Z,2026-08-27T13:18:00-04:00,2026-08-27,^TYX,5.185000,5.185000,5.185000,5.185000
2026-08-27T17:19:00Z,2026-08-27T13:19:00-04:00,2026-08-27,^TNX,4.664000,4.664000,4.662000,4.662000
2026-08-27T17:19:00Z,2026-08-27T13:19:00-04:00,2026-08-27,^TYX,5.184000,5.184000,5.183000,5.183000
2026-08-27T17:20:00Z,2026-08-27T13:20:00-04:00,2026-08-27,^TNX,4.664000,4.664000,4.662000,4.664000
2026-08-27T17:20:00Z,2026-08-27T13:20:00-04:00,2026-08-27,^TYX,5.183000,5.183000,5.183000,5.183000
2026-08-27T17:21:00Z,2026-08-27T13:21:00-04:00,2026-08-27,^TNX,4.664000,4.664000,4.664000,4.664000
2026-08-27T17:21:00Z,2026-08-27T13:21:00-04:00,2026-08-27,^TYX,5.183000,5.184000,5.183000,5.183000
2026-08-27T17:22:00Z,2026-08-27T13:22:00-04:00,2026-08-27,^TNX,4.664000,4.664000,4.662000,4.664000
2026-08-27T17:22:00Z,2026-08-27T13:22:00-04:00,2026-08-27,^TYX,5.183000,5.183000,5.183000,5.183000
2026-08-27T17:23:00Z,2026-08-27T13:23:00-04:00,2026-08-27,^TNX,4.664000,4.664000,4.664000,4.664000
2026-08-27T17:23:00Z,2026-08-27T13:23:00-04:00,2026-08-27,^TYX,5.184000,5.184000,5.184000,5.184000
2026-08-27T17:24:00Z,2026-08-27T13:24:00-04:00,2026-08-27,^TNX,4.664000,4.664000,4.662000,4.662000
2026-08-27T17:24:00Z,2026-08-27T13:24:00-04:00,2026-08-27,^TYX,5.184000,5.184000,5.183000,5.183000
2026-08-27T17:25:00Z,2026-08-27T13:25:00-04:00,2026-08-27,^TNX,4.662000,4.662000,4.662000,4.662000
2026-08-27T17:25:00Z,2026-08-27T13:25:00-04:00,2026-08-27,^TYX,5.183000,5.184000,5.183000,5.183000
2026-08-27T17:26:00Z,2026-08-27T13:26:00-04:00,2026-08-27,^TNX,4.662000,4.662000,4.662000,4.662000
2026-08-27T17:26:00Z,2026-08-27T13:26:00-04:00,2026-08-27,^TYX,5.183000,5.183000,5.183000,5.183000
2026-08-27T17:27:00Z,2026-08-27T13:27:00-04:00,2026-08-27,^TNX,4.662000,4.662000,4.660000,4.662000
2026-08-27T17:27:00Z,2026-08-27T13:27:00-04:00,2026-08-27,^TYX,5.183000,5.183000,5.182000,5.182000
2026-08-27T17:28:00Z,2026-08-27T13:28:00-04:00,2026-08-27,^TNX,4.662000,4.662000,4.662000,4.662000
2026-08-27T17:28:00Z,2026-08-27T13:28:00-04:00,2026-08-27,^TYX,5.182000,5.182000,5.182000,5.182000
2026-08-27T17:29:00Z,2026-08-27T13:29:00-04:00,2026-08-27,^TNX,4.662000,4.662000,4.660000,4.660000
2026-08-27T17:29:00Z,2026-08-27T13:29:00-04:00,2026-08-27,^TYX,5.183000,5.183000,5.181000,5.181000
2026-08-27T17:30:00Z,2026-08-27T13:30:00-04:00,2026-08-27,^TNX,4.660000,4.660000,4.660000,4.660000
2026-08-27T17:30:00Z,2026-08-27T13:30:00-04:00,2026-08-27,^TYX,5.181000,5.182000,5.181000,5.181000
2026-08-27T17:31:00Z,2026-08-27T13:31:00-04:00,2026-08-27,^TNX,4.660000,4.660000,4.660000,4.660000
2026-08-27T17:31:00Z,2026-08-27T13:31:00-04:00,2026-08-27,^TYX,5.181000,5.182000,5.181000,5.181000
2026-08-27T17:32:00Z,2026-08-27T13:32:00-04:00,2026-08-27,^TNX,4.660000,4.660000,4.660000,4.660000
2026-08-27T17:32:00Z,2026-08-27T13:32:00-04:00,2026-08-27,^TYX,5.181000,5.181000,5.180000,5.180000
2026-08-27T17:33:00Z,2026-08-27T13:33:00-04:00,2026-08-27,^TNX,4.660000,4.660000,4.658000,4.658000
2026-08-27T17:33:00Z,2026-08-27T13:33:00-04:00,2026-08-27,^TYX,5.180000,5.180000,5.179000,5.179000
2026-08-27T17:34:00Z,2026-08-27T13:34:00-04:00,2026-08-27,^TNX,4.658000,4.660000,4.658000,4.660000
2026-08-27T17:34:00Z,2026-08-27T13:34:00-04:00,2026-08-27,^TYX,5.179000,5.179000,5.179000,5.179000
2026-08-27T17:35:00Z,2026-08-27T13:35:00-04:00,2026-08-27,^TNX,4.660000,4.660000,4.660000,4.660000
2026-08-27T17:35:00Z,2026-08-27T13:35:00-04:00,2026-08-27,^TYX,5.180000,5.180000,5.180000,5.180000
2026-08-27T17:36:00Z,2026-08-27T13:36:00-04:00,2026-08-27,^TNX,4.660000,4.662000,4.660000,4.662000
2026-08-27T17:36:00Z,2026-08-27T13:36:00-04:00,2026-08-27,^TYX,5.180000,5.182000,5.180000,5.182000
2026-08-27T17:37:00Z,2026-08-27T13:37:00-04:00,2026-08-27,^TNX,4.662000,4.662000,4.660000,4.660000
2026-08-27T17:37:00Z,2026-08-27T13:37:00-04:00,2026-08-27,^TYX,5.182000,5.182000,5.181000,5.181000
2026-08-27T17:38:00Z,2026-08-27T13:38:00-04:00,2026-08-27,^TNX,4.660000,4.662000,4.660000,4.662000
2026-08-27T17:38:00Z,2026-08-27T13:38:00-04:00,2026-08-27,^TYX,5.181000,5.182000,5.181000,5.182000
2026-08-27T17:39:00Z,2026-08-27T13:39:00-04:00,2026-08-27,^TNX,4.660000,4.662000,4.660000,4.662000
2026-08-27T17:39:00Z,2026-08-27T13:39:00-04:00,2026-08-27,^TYX,5.182000,5.182000,5.182000,5.182000
2026-08-27T17:40:00Z,2026-08-27T13:40:00-04:00,2026-08-27,^TNX,4.662000,4.662000,4.662000,4.662000
2026-08-27T17:40:00Z,2026-08-27T13:40:00-04:00,2026-08-27,^TYX,5.182000,5.182000,5.182000,5.182000
2026-08-27T17:41:00Z,2026-08-27T13:41:00-04:00,2026-08-27,^TNX,4.662000,4.662000,4.662000,4.662000
2026-08-27T17:41:00Z,2026-08-27T13:41:00-04:00,2026-08-27,^TYX,5.182000,5.182000,5.182000,5.182000
2026-08-27T17:42:00Z,2026-08-27T13:42:00-04:00,2026-08-27,^TNX,4.662000,4.662000,4.662000,4.662000
2026-08-27T17:42:00Z,2026-08-27T13:42:00-04:00,2026-08-27,^TYX,5.182000,5.182000,5.182000,5.182000
2026-08-27T17:43:00Z,2026-08-27T13:43:00-04:00,2026-08-27,^TNX,4.662000,4.662000,4.662000,4.662000
2026-08-27T17:43:00Z,2026-08-27T13:43:00-04:00,2026-08-27,^TYX,5.182000,5.182000,5.182000,5.182000
2026-08-27T17:44:00Z,2026-08-27T13:44:00-04:00,2026-08-27,^TNX,4.662000,4.664000,4.662000,4.664000
2026-08-27T17:44:00Z,2026-08-27T13:44:00-04:00,2026-08-27,^TYX,5.182000,5.183000,5.180000,5.183000
2026-08-27T17:45:00Z,2026-08-27T13:45:00-04:00,2026-08-27,^TNX,4.664000,4.666000,4.664000,4.664000
2026-08-27T17:45:00Z,2026-08-27T13:45:00-04:00,2026-08-27,^TYX,5.182000,5.184000,5.182000,5.183000
2026-08-27T17:46:00Z,2026-08-27T13:46:00-04:00,2026-08-27,^TNX,4.666000,4.666000,4.664000,4.666000
2026-08-27T17:46:00Z,2026-08-27T13:46:00-04:00,2026-08-27,^TYX,5.183000,5.183000,5.183000,5.183000
2026-08-27T17:47:00Z,2026-08-27T13:47:00-04:00,2026-08-27,^TNX,4.666000,4.668000,4.666000,4.668000
2026-08-27T17:47:00Z,2026-08-27T13:47:00-04:00,2026-08-27,^TYX,5.184000,5.185000,5.183000,5.185000
2026-08-27T17:48:00Z,2026-08-27T13:48:00-04:00,2026-08-27,^TNX,4.668000,4.668000,4.668000,4.668000
2026-08-27T17:48:00Z,2026-08-27T13:48:00-04:00,2026-08-27,^TYX,5.186000,5.186000,5.185000,5.185000
2026-08-27T17:49:00Z,2026-08-27T13:49:00-04:00,2026-08-27,^TNX,4.668000,4.668000,4.666000,4.666000
2026-08-27T17:49:00Z,2026-08-27T13:49:00-04:00,2026-08-27,^TYX,5.185000,5.185000,5.183000,5.183000
2026-08-27T17:50:00Z,2026-08-27T13:50:00-04:00,2026-08-27,^TNX,4.664000,4.666000,4.664000,4.666000
2026-08-27T17:50:00Z,2026-08-27T13:50:00-04:00,2026-08-27,^TYX,5.183000,5.183000,5.183000,5.183000
2026-08-27T17:51:00Z,2026-08-27T13:51:00-04:00,2026-08-27,^TNX,4.668000,4.668000,4.668000,4.668000
2026-08-27T17:51:00Z,2026-08-27T13:51:00-04:00,2026-08-27,^TYX,5.183000,5.185000,5.183000,5.184000
2026-08-27T17:52:00Z,2026-08-27T13:52:00-04:00,2026-08-27,^TNX,4.668000,4.668000,4.668000,4.668000
2026-08-27T17:52:00Z,2026-08-27T13:52:00-04:00,2026-08-27,^TYX,5.183000,5.185000,5.183000,5.185000
2026-08-27T17:53:00Z,2026-08-27T13:53:00-04:00,2026-08-27,^TNX,4.668000,4.668000,4.668000,4.668000
2026-08-27T17:53:00Z,2026-08-27T13:53:00-04:00,2026-08-27,^TYX,5.185000,5.185000,5.185000,5.185000
2026-08-27T17:54:00Z,2026-08-27T13:54:00-04:00,2026-08-27,^TNX,4.668000,4.668000,4.668000,4.668000
2026-08-27T17:54:00Z,2026-08-27T13:54:00-04:00,2026-08-27,^TYX,5.185000,5.187000,5.185000,5.187000
2026-08-27T17:55:00Z,2026-08-27T13:55:00-04:00,2026-08-27,^TNX,4.670000,4.670000,4.668000,4.668000
2026-08-27T17:55:00Z,2026-08-27T13:55:00-04:00,2026-08-27,^TYX,5.187000,5.187000,5.186000,5.186000
2026-08-27T17:56:00Z,2026-08-27T13:56:00-04:00,2026-08-27,^TNX,4.670000,4.672000,4.670000,4.672000
2026-08-27T17:56:00Z,2026-08-27T13:56:00-04:00,2026-08-27,^TYX,5.187000,5.188000,5.187000,5.188000
2026-08-27T17:57:00Z,2026-08-27T13:57:00-04:00,2026-08-27,^TNX,4.672000,4.672000,4.672000,4.672000
2026-08-27T17:57:00Z,2026-08-27T13:57:00-04:00,2026-08-27,^TYX,5.188000,5.188000,5.188000,5.188000
2026-08-27T17:58:00Z,2026-08-27T13:58:00-04:00,2026-08-27,^TNX,4.674000,4.676000,4.674000,4.674000
2026-08-27T17:58:00Z,2026-08-27T13:58:00-04:00,2026-08-27,^TYX,5.189000,5.190000,5.189000,5.190000
2026-08-27T17:59:00Z,2026-08-27T13:59:00-04:00,2026-08-27,^TNX,4.674000,4.678000,4.674000,4.678000
2026-08-27T17:59:00Z,2026-08-27T13:59:00-04:00,2026-08-27,^TYX,5.189000,5.193000,5.189000,5.193000
2026-08-27T18:00:00Z,2026-08-27T14:00:00-04:00,2026-08-27,^TNX,4.676000,4.676000,4.676000,4.676000
2026-08-27T18:00:00Z,2026-08-27T14:00:00-04:00,2026-08-27,^TYX,5.192000,5.194000,5.192000,5.194000
2026-08-27T18:01:00Z,2026-08-27T14:01:00-04:00,2026-08-27,^TNX,4.676000,4.680000,4.676000,4.680000
2026-08-27T18:01:00Z,2026-08-27T14:01:00-04:00,2026-08-27,^TYX,5.194000,5.197000,5.194000,5.197000
2026-08-27T18:02:00Z,2026-08-27T14:02:00-04:00,2026-08-27,^TNX,4.680000,4.680000,4.680000,4.680000
2026-08-27T18:02:00Z,2026-08-27T14:02:00-04:00,2026-08-27,^TYX,5.197000,5.200000,5.197000,5.197000
2026-08-27T18:03:00Z,2026-08-27T14:03:00-04:00,2026-08-27,^TNX,4.680000,4.680000,4.680000,4.680000
2026-08-27T18:03:00Z,2026-08-27T14:03:00-04:00,2026-08-27,^TYX,5.198000,5.198000,5.197000,5.198000
2026-08-27T18:04:00Z,2026-08-27T14:04:00-04:00,2026-08-27,^TNX,4.680000,4.680000,4.680000,4.680000
2026-08-27T18:04:00Z,2026-08-27T14:04:00-04:00,2026-08-27,^TYX,5.198000,5.199000,5.198000,5.199000
2026-08-27T18:05:00Z,2026-08-27T14:05:00-04:00,2026-08-27,^TNX,4.680000,4.680000,4.678000,4.680000
2026-08-27T18:05:00Z,2026-08-27T14:05:00-04:00,2026-08-27,^TYX,5.199000,5.199000,5.196000,5.197000
2026-08-27T18:06:00Z,2026-08-27T14:06:00-04:00,2026-08-27,^TNX,4.680000,4.680000,4.680000,4.680000
2026-08-27T18:06:00Z,2026-08-27T14:06:00-04:00,2026-08-27,^TYX,5.198000,5.198000,5.197000,5.197000
2026-08-27T18:07:00Z,2026-08-27T14:07:00-04:00,2026-08-27,^TNX,4.678000,4.680000,4.678000,4.680000
2026-08-27T18:07:00Z,2026-08-27T14:07:00-04:00,2026-08-27,^TYX,5.197000,5.198000,5.197000,5.198000
2026-08-27T18:08:00Z,2026-08-27T14:08:00-04:00,2026-08-27,^TNX,4.680000,4.680000,4.678000,4.678000
2026-08-27T18:08:00Z,2026-08-27T14:08:00-04:00,2026-08-27,^TYX,5.197000,5.197000,5.196000,5.196000
2026-08-27T18:09:00Z,2026-08-27T14:09:00-04:00,2026-08-27,^TNX,4.678000,4.678000,4.676000,4.676000
2026-08-27T18:09:00Z,2026-08-27T14:09:00-04:00,2026-08-27,^TYX,5.196000,5.196000,5.195000,5.195000
2026-08-27T18:10:00Z,2026-08-27T14:10:00-04:00,2026-08-27,^TNX,4.678000,4.680000,4.678000,4.680000
2026-08-27T18:10:00Z,2026-08-27T14:10:00-04:00,2026-08-27,^TYX,5.197000,5.199000,5.197000,5.198000
2026-08-27T18:11:00Z,2026-08-27T14:11:00-04:00,2026-08-27,^TNX,4.680000,4.680000,4.680000,4.680000
2026-08-27T18:11:00Z,2026-08-27T14:11:00-04:00,2026-08-27,^TYX,5.198000,5.199000,5.198000,5.199000
2026-08-27T18:12:00Z,2026-08-27T14:12:00-04:00,2026-08-27,^TNX,4.680000,4.680000,4.676000,4.676000
2026-08-27T18:12:00Z,2026-08-27T14:12:00-04:00,2026-08-27,^TYX,5.199000,5.199000,5.198000,5.198000
2026-08-27T18:13:00Z,2026-08-27T14:13:00-04:00,2026-08-27,^TNX,4.676000,4.676000,4.676000,4.676000
2026-08-27T18:13:00Z,2026-08-27T14:13:00-04:00,2026-08-27,^TYX,5.196000,5.196000,5.195000,5.195000
2026-08-27T18:14:00Z,2026-08-27T14:14:00-04:00,2026-08-27,^TNX,4.676000,4.676000,4.676000,4.676000
2026-08-27T18:14:00Z,2026-08-27T14:14:00-04:00,2026-08-27,^TYX,5.195000,5.196000,5.195000,5.196000
2026-08-27T18:15:00Z,2026-08-27T14:15:00-04:00,2026-08-27,^TNX,4.676000,4.676000,4.676000,4.676000
2026-08-27T18:15:00Z,2026-08-27T14:15:00-04:00,2026-08-27,^TYX,5.195000,5.195000,5.195000,5.195000
2026-08-27T18:16:00Z,2026-08-27T14:16:00-04:00,2026-08-27,^TNX,4.676000,4.676000,4.674000,4.674000
2026-08-27T18:16:00Z,2026-08-27T14:16:00-04:00,2026-08-27,^TYX,5.194000,5.194000,5.193000,5.194000
2026-08-27T18:17:00Z,2026-08-27T14:17:00-04:00,2026-08-27,^TNX,4.672000,4.674000,4.672000,4.672000
2026-08-27T18:17:00Z,2026-08-27T14:17:00-04:00,2026-08-27,^TYX,5.192000,5.193000,5.192000,5.192000
2026-08-27T18:18:00Z,2026-08-27T14:18:00-04:00,2026-08-27,^TNX,4.674000,4.674000,4.672000,4.674000
2026-08-27T18:18:00Z,2026-08-27T14:18:00-04:00,2026-08-27,^TYX,5.193000,5.193000,5.192000,5.193000
2026-08-27T18:19:00Z,2026-08-27T14:19:00-04:00,2026-08-27,^TNX,4.674000,4.674000,4.672000,4.674000
2026-08-27T18:19:00Z,2026-08-27T14:19:00-04:00,2026-08-27,^TYX,5.193000,5.193000,5.192000,5.193000
2026-08-27T18:20:00Z,2026-08-27T14:20:00-04:00,2026-08-27,^TNX,4.674000,4.674000,4.672000,4.674000
2026-08-27T18:20:00Z,2026-08-27T14:20:00-04:00,2026-08-27,^TYX,5.194000,5.194000,5.193000,5.193000
2026-08-27T18:21:00Z,2026-08-27T14:21:00-04:00,2026-08-27,^TNX,4.674000,4.676000,4.674000,4.676000
2026-08-27T18:21:00Z,2026-08-27T14:21:00-04:00,2026-08-27,^TYX,5.193000,5.195000,5.193000,5.195000
2026-08-27T18:22:00Z,2026-08-27T14:22:00-04:00,2026-08-27,^TNX,4.676000,4.676000,4.676000,4.676000
2026-08-27T18:22:00Z,2026-08-27T14:22:00-04:00,2026-08-27,^TYX,5.195000,5.195000,5.194000,5.194000
2026-08-27T18:23:00Z,2026-08-27T14:23:00-04:00,2026-08-27,^TNX,4.676000,4.676000,4.676000,4.676000
2026-08-27T18:23:00Z,2026-08-27T14:23:00-04:00,2026-08-27,^TYX,5.194000,5.195000,5.194000,5.195000
2026-08-27T18:24:00Z,2026-08-27T14:24:00-04:00,2026-08-27,^TNX,4.676000,4.676000,4.674000,4.674000
2026-08-27T18:24:00Z,2026-08-27T14:24:00-04:00,2026-08-27,^TYX,5.195000,5.195000,5.194000,5.194000
2026-08-27T18:25:00Z,2026-08-27T14:25:00-04:00,2026-08-27,^TNX,4.674000,4.674000,4.674000,4.674000
2026-08-27T18:25:00Z,2026-08-27T14:25:00-04:00,2026-08-27,^TYX,5.194000,5.194000,5.194000,5.194000
2026-08-27T18:26:00Z,2026-08-27T14:26:00-04:00,2026-08-27,^TNX,4.674000,4.674000,4.672000,4.672000
2026-08-27T18:26:00Z,2026-08-27T14:26:00-04:00,2026-08-27,^TYX,5.194000,5.194000,5.193000,5.193000
2026-08-27T18:27:00Z,2026-08-27T14:27:00-04:00,2026-08-27,^TNX,4.672000,4.672000,4.672000,4.672000
2026-08-27T18:27:00Z,2026-08-27T14:27:00-04:00,2026-08-27,^TYX,5.192000,5.193000,5.192000,5.193000
2026-08-27T18:28:00Z,2026-08-27T14:28:00-04:00,2026-08-27,^TNX,4.672000,4.672000,4.672000,4.672000
2026-08-27T18:28:00Z,2026-08-27T14:28:00-04:00,2026-08-27,^TYX,5.192000,5.194000,5.192000,5.194000
2026-08-27T18:29:00Z,2026-08-27T14:29:00-04:00,2026-08-27,^TNX,4.672000,4.672000,4.672000,4.672000
2026-08-27T18:29:00Z,2026-08-27T14:29:00-04:00,2026-08-27,^TYX,5.194000,5.194000,5.193000,5.193000
2026-08-27T18:30:00Z,2026-08-27T14:30:00-04:00,2026-08-27,^TNX,4.672000,4.672000,4.672000,4.672000
2026-08-27T18:30:00Z,2026-08-27T14:30:00-04:00,2026-08-27,^TYX,5.193000,5.193000,5.193000,5.193000
2026-08-27T18:31:00Z,2026-08-27T14:31:00-04:00,2026-08-27,^TNX,4.672000,4.672000,4.672000,4.672000
2026-08-27T18:31:00Z,2026-08-27T14:31:00-04:00,2026-08-27,^TYX,5.193000,5.193000,5.192000,5.193000
2026-08-27T18:32:00Z,2026-08-27T14:32:00-04:00,2026-08-27,^TNX,4.672000,4.672000,4.672000,4.672000
2026-08-27T18:32:00Z,2026-08-27T14:32:00-04:00,2026-08-27,^TYX,5.193000,5.193000,5.192000,5.192000
2026-08-27T18:33:00Z,2026-08-27T14:33:00-04:00,2026-08-27,^TNX,4.672000,4.672000,4.672000,4.672000
2026-08-27T18:33:00Z,2026-08-27T14:33:00-04:00,2026-08-27,^TYX,5.193000,5.193000,5.192000,5.193000
2026-08-27T18:34:00Z,2026-08-27T14:34:00-04:00,2026-08-27,^TNX,4.672000,4.672000,4.672000,4.672000
2026-08-27T18:34:00Z,2026-08-27T14:34:00-04:00,2026-08-27,^TYX,5.193000,5.193000,5.192000,5.192000
2026-08-27T18:35:00Z,2026-08-27T14:35:00-04:00,2026-08-27,^TNX,4.672000,4.672000,4.672000,4.672000
2026-08-27T18:35:00Z,2026-08-27T14:35:00-04:00,2026-08-27,^TYX,5.192000,5.193000,5.192000,5.193000
2026-08-27T18:36:00Z,2026-08-27T14:36:00-04:00,2026-08-27,^TNX,4.672000,4.672000,4.672000,4.672000
2026-08-27T18:36:00Z,2026-08-27T14:36:00-04:00,2026-08-27,^TYX,5.193000,5.193000,5.193000,5.193000
2026-08-27T18:37:00Z,2026-08-27T14:37:00-04:00,2026-08-27,^TNX,4.672000,4.672000,4.672000,4.672000
2026-08-27T18:37:00Z,2026-08-27T14:37:00-04:00,2026-08-27,^TYX,5.193000,5.193000,5.193000,5.193000
2026-08-27T18:38:00Z,2026-08-27T14:38:00-04:00,2026-08-27,^TNX,4.672000,4.674000,4.672000,4.674000
2026-08-27T18:38:00Z,2026-08-27T14:38:00-04:00,2026-08-27,^TYX,5.193000,5.194000,5.193000,5.194000
2026-08-27T18:39:00Z,2026-08-27T14:39:00-04:00,2026-08-27,^TNX,4.674000,4.674000,4.674000,4.674000
2026-08-27T18:39:00Z,2026-08-27T14:39:00-04:00,2026-08-27,^TYX,5.194000,5.194000,5.194000,5.194000
2026-08-27T18:40:00Z,2026-08-27T14:40:00-04:00,2026-08-27,^TNX,4.674000,4.674000,4.672000,4.672000
2026-08-27T18:40:00Z,2026-08-27T14:40:00-04:00,2026-08-27,^TYX,5.194000,5.194000,5.194000,5.194000
2026-08-27T18:41:00Z,2026-08-27T14:41:00-04:00,2026-08-27,^TNX,4.672000,4.672000,4.672000,4.672000
2026-08-27T18:41:00Z,2026-08-27T14:41:00-04:00,2026-08-27,^TYX,5.194000,5.194000,5.193000,5.193000
2026-08-27T18:42:00Z,2026-08-27T14:42:00-04:00,2026-08-27,^TNX,4.672000,4.672000,4.672000,4.672000
2026-08-27T18:42:00Z,2026-08-27T14:42:00-04:00,2026-08-27,^TYX,5.193000,5.193000,5.193000,5.193000
2026-08-27T18:43:00Z,2026-08-27T14:43:00-04:00,2026-08-27,^TNX,4.672000,4.672000,4.672000,4.672000
2026-08-27T18:43:00Z,2026-08-27T14:43:00-04:00,2026-08-27,^TYX,5.193000,5.193000,5.193000,5.193000
2026-08-27T18:44:00Z,2026-08-27T14:44:00-04:00,2026-08-27,^TNX,4.672000,4.672000,4.672000,4.672000
2026-08-27T18:44:00Z,2026-08-27T14:44:00-04:00,2026-08-27,^TYX,5.193000,5.193000,5.192000,5.192000
2026-08-27T18:45:00Z,2026-08-27T14:45:00-04:00,2026-08-27,^TNX,4.672000,4.674000,4.672000,4.674000
2026-08-27T18:45:00Z,2026-08-27T14:45:00-04:00,2026-08-27,^TYX,5.192000,5.193000,5.192000,5.193000
2026-08-27T18:46:00Z,2026-08-27T14:46:00-04:00,2026-08-27,^TNX,4.674000,4.674000,4.672000,4.674000
2026-08-27T18:46:00Z,2026-08-27T14:46:00-04:00,2026-08-27,^TYX,5.193000,5.193000,5.192000,5.193000
2026-08-27T18:47:00Z,2026-08-27T14:47:00-04:00,2026-08-27,^TNX,4.674000,4.674000,4.674000,4.674000
2026-08-27T18:47:00Z,2026-08-27T14:47:00-04:00,2026-08-27,^TYX,5.193000,5.193000,5.193000,5.193000
2026-08-27T18:48:00Z,2026-08-27T14:48:00-04:00,2026-08-27,^TNX,4.672000,4.672000,4.672000,4.672000
2026-08-27T18:48:00Z,2026-08-27T14:48:00-04:00,2026-08-27,^TYX,5.192000,5.192000,5.191000,5.191000
2026-08-27T18:49:00Z,2026-08-27T14:49:00-04:00,2026-08-27,^TNX,4.672000,4.672000,4.672000,4.672000
2026-08-27T18:49:00Z,2026-08-27T14:49:00-04:00,2026-08-27,^TYX,5.191000,5.191000,5.191000,5.191000
2026-08-27T18:50:00Z,2026-08-27T14:50:00-04:00,2026-08-27,^TNX,4.672000,4.672000,4.672000,4.672000
2026-08-27T18:50:00Z,2026-08-27T14:50:00-04:00,2026-08-27,^TYX,5.193000,5.193000,5.193000,5.193000
2026-08-27T18:51:00Z,2026-08-27T14:51:00-04:00,2026-08-27,^TNX,4.672000,4.672000,4.672000,4.672000
2026-08-27T18:51:00Z,2026-08-27T14:51:00-04:00,2026-08-27,^TYX,5.193000,5.193000,5.191000,5.191000
2026-08-27T18:52:00Z,2026-08-27T14:52:00-04:00,2026-08-27,^TNX,4.672000,4.672000,4.672000,4.672000
2026-08-27T18:52:00Z,2026-08-27T14:52:00-04:00,2026-08-27,^TYX,5.191000,5.191000,5.191000,5.191000
2026-08-27T18:53:00Z,2026-08-27T14:53:00-04:00,2026-08-27,^TNX,4.672000,4.672000,4.672000,4.672000
2026-08-27T18:53:00Z,2026-08-27T14:53:00-04:00,2026-08-27,^TYX,5.191000,5.192000,5.191000,5.192000
2026-08-27T18:54:00Z,2026-08-27T14:54:00-04:00,2026-08-27,^TNX,4.672000,4.672000,4.672000,4.672000
2026-08-27T18:54:00Z,2026-08-27T14:54:00-04:00,2026-08-27,^TYX,5.192000,5.193000,5.192000,5.193000
2026-08-27T18:55:00Z,2026-08-27T14:55:00-04:00,2026-08-27,^TNX,4.672000,4.672000,4.672000,4.672000
2026-08-27T18:55:00Z,2026-08-27T14:55:00-04:00,2026-08-27,^TYX,5.193000,5.193000,5.193000,5.193000
2026-08-27T18:56:00Z,2026-08-27T14:56:00-04:00,2026-08-27,^TNX,4.672000,4.672000,4.672000,4.672000
2026-08-27T18:56:00Z,2026-08-27T14:56:00-04:00,2026-08-27,^TYX,5.193000,5.193000,5.192000,5.192000
2026-08-27T18:57:00Z,2026-08-27T14:57:00-04:00,2026-08-27,^TNX,4.672000,4.672000,4.672000,4.672000
2026-08-27T18:57:00Z,2026-08-27T14:57:00-04:00,2026-08-27,^TYX,5.192000,5.193000,5.192000,5.193000
2026-08-27T18:58:00Z,2026-08-27T14:58:00-04:00,2026-08-27,^TNX,4.672000,4.672000,4.672000,4.672000
2026-08-27T18:58:00Z,2026-08-27T14:58:00-04:00,2026-08-27,^TYX,5.192000,5.193000,5.191000,5.191000
2026-08-27T18:59:00Z,2026-08-27T14:59:00-04:00,2026-08-27,^TNX,4.672000,4.672000,4.672000,4.672000
2026-08-27T18:59:00Z,2026-08-27T14:59:00-04:00,2026-08-27,^TYX,5.191000,5.191000,5.191000,5.191000
2026-08-28T12:20:00Z,2026-08-28T08:20:00-04:00,2026-08-28,^TNX,4.688000,4.690000,4.688000,4.688000
2026-08-28T12:20:00Z,2026-08-28T08:20:00-04:00,2026-08-28,^TYX,5.206000,5.208000,5.205000,5.205000
2026-08-28T12:21:00Z,2026-08-28T08:21:00-04:00,2026-08-28,^TNX,4.688000,4.690000,4.688000,4.688000
2026-08-28T12:21:00Z,2026-08-28T08:21:00-04:00,2026-08-28,^TYX,5.205000,5.206000,5.204000,5.204000
2026-08-28T12:22:00Z,2026-08-28T08:22:00-04:00,2026-08-28,^TNX,4.690000,4.690000,4.688000,4.688000
2026-08-28T12:22:00Z,2026-08-28T08:22:00-04:00,2026-08-28,^TYX,5.204000,5.204000,5.201000,5.202000
2026-08-28T12:23:00Z,2026-08-28T08:23:00-04:00,2026-08-28,^TNX,4.688000,4.690000,4.688000,4.690000
2026-08-28T12:23:00Z,2026-08-28T08:23:00-04:00,2026-08-28,^TYX,5.202000,5.205000,5.202000,5.205000
2026-08-28T12:24:00Z,2026-08-28T08:24:00-04:00,2026-08-28,^TNX,4.690000,4.692000,4.688000,4.688000
2026-08-28T12:24:00Z,2026-08-28T08:24:00-04:00,2026-08-28,^TYX,5.206000,5.206000,5.205000,5.205000
2026-08-28T12:25:00Z,2026-08-28T08:25:00-04:00,2026-08-28,^TNX,4.688000,4.692000,4.688000,4.692000
2026-08-28T12:25:00Z,2026-08-28T08:25:00-04:00,2026-08-28,^TYX,5.205000,5.208000,5.205000,5.208000
2026-08-28T12:26:00Z,2026-08-28T08:26:00-04:00,2026-08-28,^TNX,4.692000,4.694000,4.692000,4.692000
2026-08-28T12:26:00Z,2026-08-28T08:26:00-04:00,2026-08-28,^TYX,5.208000,5.209000,5.208000,5.208000
2026-08-28T12:27:00Z,2026-08-28T08:27:00-04:00,2026-08-28,^TNX,4.692000,4.692000,4.692000,4.692000
2026-08-28T12:27:00Z,2026-08-28T08:27:00-04:00,2026-08-28,^TYX,5.208000,5.208000,5.208000,5.208000
2026-08-28T12:28:00Z,2026-08-28T08:28:00-04:00,2026-08-28,^TNX,4.692000,4.692000,4.690000,4.690000
2026-08-28T12:28:00Z,2026-08-28T08:28:00-04:00,2026-08-28,^TYX,5.207000,5.207000,5.206000,5.206000
2026-08-28T12:29:00Z,2026-08-28T08:29:00-04:00,2026-08-28,^TNX,4.690000,4.690000,4.690000,4.690000
2026-08-28T12:29:00Z,2026-08-28T08:29:00-04:00,2026-08-28,^TYX,5.206000,5.206000,5.205000,5.206000
2026-08-28T12:30:00Z,2026-08-28T08:30:00-04:00,2026-08-28,^TNX,4.690000,4.692000,4.690000,4.692000
2026-08-28T12:30:00Z,2026-08-28T08:30:00-04:00,2026-08-28,^TYX,5.206000,5.208000,5.206000,5.208000
2026-08-28T12:31:00Z,2026-08-28T08:31:00-04:00,2026-08-28,^TNX,4.692000,4.692000,4.692000,4.692000
2026-08-28T12:31:00Z,2026-08-28T08:31:00-04:00,2026-08-28,^TYX,5.208000,5.208000,5.208000,5.208000
2026-08-28T12:32:00Z,2026-08-28T08:32:00-04:00,2026-08-28,^TNX,4.694000,4.696000,4.692000,4.696000
2026-08-28T12:32:00Z,2026-08-28T08:32:00-04:00,2026-08-28,^TYX,5.209000,5.211000,5.209000,5.211000
2026-08-28T12:33:00Z,2026-08-28T08:33:00-04:00,2026-08-28,^TNX,4.696000,4.696000,4.694000,4.694000
2026-08-28T12:33:00Z,2026-08-28T08:33:00-04:00,2026-08-28,^TYX,5.211000,5.211000,5.209000,5.209000
2026-08-28T12:34:00Z,2026-08-28T08:34:00-04:00,2026-08-28,^TNX,4.694000,4.696000,4.694000,4.696000
2026-08-28T12:34:00Z,2026-08-28T08:34:00-04:00,2026-08-28,^TYX,5.209000,5.211000,5.209000,5.211000
2026-08-28T12:35:00Z,2026-08-28T08:35:00-04:00,2026-08-28,^TNX,4.696000,4.696000,4.696000,4.696000
2026-08-28T12:35:00Z,2026-08-28T08:35:00-04:00,2026-08-28,^TYX,5.210000,5.211000,5.210000,5.211000
2026-08-28T12:36:00Z,2026-08-28T08:36:00-04:00,2026-08-28,^TNX,4.696000,4.696000,4.694000,4.694000
2026-08-28T12:36:00Z,2026-08-28T08:36:00-04:00,2026-08-28,^TYX,5.211000,5.211000,5.209000,5.209000
2026-08-28T12:37:00Z,2026-08-28T08:37:00-04:00,2026-08-28,^TNX,4.694000,4.694000,4.692000,4.692000
2026-08-28T12:37:00Z,2026-08-28T08:37:00-04:00,2026-08-28,^TYX,5.209000,5.209000,5.208000,5.208000
2026-08-28T12:38:00Z,2026-08-28T08:38:00-04:00,2026-08-28,^TNX,4.692000,4.692000,4.692000,4.692000
2026-08-28T12:38:00Z,2026-08-28T08:38:00-04:00,2026-08-28,^TYX,5.208000,5.208000,5.208000,5.208000
2026-08-28T12:39:00Z,2026-08-28T08:39:00-04:00,2026-08-28,^TNX,4.692000,4.694000,4.692000,4.694000
2026-08-28T12:39:00Z,2026-08-28T08:39:00-04:00,2026-08-28,^TYX,5.208000,5.209000,5.208000,5.209000
2026-08-28T12:40:00Z,2026-08-28T08:40:00-04:00,2026-08-28,^TNX,4.694000,4.696000,4.694000,4.696000
2026-08-28T12:40:00Z,2026-08-28T08:40:00-04:00,2026-08-28,^TYX,5.210000,5.210000,5.210000,5.210000
2026-08-28T12:41:00Z,2026-08-28T08:41:00-04:00,2026-08-28,^TNX,4.696000,4.696000,4.696000,4.696000
2026-08-28T12:41:00Z,2026-08-28T08:41:00-04:00,2026-08-28,^TYX,5.210000,5.210000,5.210000,5.210000
2026-08-28T12:42:00Z,2026-08-28T08:42:00-04:00,2026-08-28,^TNX,4.692000,4.692000,4.692000,4.692000
2026-08-28T12:42:00Z,2026-08-28T08:42:00-04:00,2026-08-28,^TYX,5.209000,5.209000,5.208000,5.209000
2026-08-28T12:43:00Z,2026-08-28T08:43:00-04:00,2026-08-28,^TNX,4.692000,4.692000,4.692000,4.692000
2026-08-28T12:43:00Z,2026-08-28T08:43:00-04:00,2026-08-28,^TYX,5.209000,5.209000,5.208000,5.208000
2026-08-28T12:44:00Z,2026-08-28T08:44:00-04:00,2026-08-28,^TNX,4.690000,4.690000,4.688000,4.688000
2026-08-28T12:44:00Z,2026-08-28T08:44:00-04:00,2026-08-28,^TYX,5.207000,5.207000,5.206000,5.206000
2026-08-28T12:45:00Z,2026-08-28T08:45:00-04:00,2026-08-28,^TNX,4.688000,4.688000,4.688000,4.688000
2026-08-28T12:45:00Z,2026-08-28T08:45:00-04:00,2026-08-28,^TYX,5.206000,5.206000,5.205000,5.205000
2026-08-28T12:46:00Z,2026-08-28T08:46:00-04:00,2026-08-28,^TNX,4.688000,4.688000,4.684000,4.684000
2026-08-28T12:46:00Z,2026-08-28T08:46:00-04:00,2026-08-28,^TYX,5.205000,5.205000,5.204000,5.204000
2026-08-28T12:47:00Z,2026-08-28T08:47:00-04:00,2026-08-28,^TNX,4.684000,4.686000,4.684000,4.686000
2026-08-28T12:47:00Z,2026-08-28T08:47:00-04:00,2026-08-28,^TYX,5.204000,5.204000,5.204000,5.204000
2026-08-28T12:48:00Z,2026-08-28T08:48:00-04:00,2026-08-28,^TNX,4.686000,4.686000,4.684000,4.684000
2026-08-28T12:48:00Z,2026-08-28T08:48:00-04:00,2026-08-28,^TYX,5.202000,5.202000,5.200000,5.201000
2026-08-28T12:49:00Z,2026-08-28T08:49:00-04:00,2026-08-28,^TNX,4.684000,4.684000,4.684000,4.684000
2026-08-28T12:49:00Z,2026-08-28T08:49:00-04:00,2026-08-28,^TYX,5.201000,5.201000,5.199000,5.199000
2026-08-28T12:50:00Z,2026-08-28T08:50:00-04:00,2026-08-28,^TNX,4.684000,4.684000,4.680000,4.682000
2026-08-28T12:50:00Z,2026-08-28T08:50:00-04:00,2026-08-28,^TYX,5.200000,5.200000,5.198000,5.198000
2026-08-28T12:51:00Z,2026-08-28T08:51:00-04:00,2026-08-28,^TNX,4.682000,4.682000,4.682000,4.682000
2026-08-28T12:51:00Z,2026-08-28T08:51:00-04:00,2026-08-28,^TYX,5.199000,5.199000,5.198000,5.198000
2026-08-28T12:52:00Z,2026-08-28T08:52:00-04:00,2026-08-28,^TNX,4.682000,4.684000,4.680000,4.684000
2026-08-28T12:52:00Z,2026-08-28T08:52:00-04:00,2026-08-28,^TYX,5.198000,5.200000,5.198000,5.200000
2026-08-28T12:53:00Z,2026-08-28T08:53:00-04:00,2026-08-28,^TNX,4.684000,4.684000,4.684000,4.684000
2026-08-28T12:53:00Z,2026-08-28T08:53:00-04:00,2026-08-28,^TYX,5.200000,5.201000,5.199000,5.201000
2026-08-28T12:54:00Z,2026-08-28T08:54:00-04:00,2026-08-28,^TNX,4.684000,4.684000,4.684000,4.684000
2026-08-28T12:54:00Z,2026-08-28T08:54:00-04:00,2026-08-28,^TYX,5.201000,5.202000,5.201000,5.201000
2026-08-28T12:55:00Z,2026-08-28T08:55:00-04:00,2026-08-28,^TNX,4.684000,4.684000,4.680000,4.680000
2026-08-28T12:55:00Z,2026-08-28T08:55:00-04:00,2026-08-28,^TYX,5.201000,5.201000,5.197000,5.199000
2026-08-28T12:56:00Z,2026-08-28T08:56:00-04:00,2026-08-28,^TNX,4.680000,4.682000,4.680000,4.680000
2026-08-28T12:56:00Z,2026-08-28T08:56:00-04:00,2026-08-28,^TYX,5.200000,5.201000,5.200000,5.200000
2026-08-28T12:57:00Z,2026-08-28T08:57:00-04:00,2026-08-28,^TNX,4.680000,4.680000,4.680000,4.680000
2026-08-28T12:57:00Z,2026-08-28T08:57:00-04:00,2026-08-28,^TYX,5.200000,5.200000,5.199000,5.200000
2026-08-28T12:58:00Z,2026-08-28T08:58:00-04:00,2026-08-28,^TNX,4.680000,4.680000,4.680000,4.680000
2026-08-28T12:58:00Z,2026-08-28T08:58:00-04:00,2026-08-28,^TYX,5.200000,5.200000,5.199000,5.199000
2026-08-28T12:59:00Z,2026-08-28T08:59:00-04:00,2026-08-28,^TNX,4.680000,4.680000,4.680000,4.680000
2026-08-28T12:59:00Z,2026-08-28T08:59:00-04:00,2026-08-28,^TYX,5.199000,5.199000,5.199000,5.199000
2026-08-28T13:00:00Z,2026-08-28T09:00:00-04:00,2026-08-28,^TNX,4.680000,4.680000,4.680000,4.680000
2026-08-28T13:00:00Z,2026-08-28T09:00:00-04:00,2026-08-28,^TYX,5.199000,5.199000,5.198000,5.199000
2026-08-28T13:01:00Z,2026-08-28T09:01:00-04:00,2026-08-28,^TNX,4.680000,4.680000,4.680000,4.680000
2026-08-28T13:01:00Z,2026-08-28T09:01:00-04:00,2026-08-28,^TYX,5.199000,5.199000,5.197000,5.197000
2026-08-28T13:02:00Z,2026-08-28T09:02:00-04:00,2026-08-28,^TNX,4.680000,4.680000,4.678000,4.678000
2026-08-28T13:02:00Z,2026-08-28T09:02:00-04:00,2026-08-28,^TYX,5.197000,5.197000,5.197000,5.197000
2026-08-28T13:03:00Z,2026-08-28T09:03:00-04:00,2026-08-28,^TNX,4.678000,4.680000,4.678000,4.680000
2026-08-28T13:03:00Z,2026-08-28T09:03:00-04:00,2026-08-28,^TYX,5.196000,5.198000,5.196000,5.198000
2026-08-28T13:04:00Z,2026-08-28T09:04:00-04:00,2026-08-28,^TNX,4.680000,4.680000,4.680000,4.680000
2026-08-28T13:04:00Z,2026-08-28T09:04:00-04:00,2026-08-28,^TYX,5.198000,5.198000,5.197000,5.197000
2026-08-28T13:05:00Z,2026-08-28T09:05:00-04:00,2026-08-28,^TNX,4.680000,4.680000,4.678000,4.680000
2026-08-28T13:05:00Z,2026-08-28T09:05:00-04:00,2026-08-28,^TYX,5.197000,5.197000,5.196000,5.197000
2026-08-28T13:06:00Z,2026-08-28T09:06:00-04:00,2026-08-28,^TNX,4.678000,4.680000,4.678000,4.678000
2026-08-28T13:06:00Z,2026-08-28T09:06:00-04:00,2026-08-28,^TYX,5.197000,5.197000,5.195000,5.196000
2026-08-28T13:07:00Z,2026-08-28T09:07:00-04:00,2026-08-28,^TNX,4.680000,4.680000,4.678000,4.680000
2026-08-28T13:07:00Z,2026-08-28T09:07:00-04:00,2026-08-28,^TYX,5.196000,5.197000,5.196000,5.197000
2026-08-28T13:08:00Z,2026-08-28T09:08:00-04:00,2026-08-28,^TNX,4.680000,4.680000,4.680000,4.680000
2026-08-28T13:08:00Z,2026-08-28T09:08:00-04:00,2026-08-28,^TYX,5.197000,5.198000,5.197000,5.198000
2026-08-28T13:09:00Z,2026-08-28T09:09:00-04:00,2026-08-28,^TNX,4.680000,4.682000,4.680000,4.682000
2026-08-28T13:09:00Z,2026-08-28T09:09:00-04:00,2026-08-28,^TYX,5.198000,5.199000,5.197000,5.199000
2026-08-28T13:10:00Z,2026-08-28T09:10:00-04:00,2026-08-28,^TNX,4.680000,4.684000,4.680000,4.684000
2026-08-28T13:10:00Z,2026-08-28T09:10:00-04:00,2026-08-28,^TYX,5.199000,5.200000,5.199000,5.200000
2026-08-28T13:11:00Z,2026-08-28T09:11:00-04:00,2026-08-28,^TNX,4.684000,4.686000,4.684000,4.686000
2026-08-28T13:11:00Z,2026-08-28T09:11:00-04:00,2026-08-28,^TYX,5.200000,5.202000,5.200000,5.202000
2026-08-28T13:12:00Z,2026-08-28T09:12:00-04:00,2026-08-28,^TNX,4.686000,4.686000,4.686000,4.686000
2026-08-28T13:12:00Z,2026-08-28T09:12:00-04:00,2026-08-28,^TYX,5.202000,5.202000,5.201000,5.201000
2026-08-28T13:13:00Z,2026-08-28T09:13:00-04:00,2026-08-28,^TNX,4.686000,4.686000,4.684000,4.684000
2026-08-28T13:13:00Z,2026-08-28T09:13:00-04:00,2026-08-28,^TYX,5.201000,5.201000,5.200000,5.201000
2026-08-28T13:14:00Z,2026-08-28T09:14:00-04:00,2026-08-28,^TNX,4.686000,4.686000,4.684000,4.686000
2026-08-28T13:14:00Z,2026-08-28T09:14:00-04:00,2026-08-28,^TYX,5.201000,5.201000,5.201000,5.201000
2026-08-28T13:15:00Z,2026-08-28T09:15:00-04:00,2026-08-28,^TNX,4.686000,4.686000,4.684000,4.684000
2026-08-28T13:15:00Z,2026-08-28T09:15:00-04:00,2026-08-28,^TYX,5.201000,5.201000,5.201000,5.201000
2026-08-28T13:16:00Z,2026-08-28T09:16:00-04:00,2026-08-28,^TNX,4.686000,4.686000,4.684000,4.684000
2026-08-28T13:16:00Z,2026-08-28T09:16:00-04:00,2026-08-28,^TYX,5.201000,5.201000,5.201000,5.201000
2026-08-28T13:17:00Z,2026-08-28T09:17:00-04:00,2026-08-28,^TNX,4.684000,4.686000,4.684000,4.684000
2026-08-28T13:17:00Z,2026-08-28T09:17:00-04:00,2026-08-28,^TYX,5.201000,5.201000,5.200000,5.200000
2026-08-28T13:18:00Z,2026-08-28T09:18:00-04:00,2026-08-28,^TNX,4.684000,4.684000,4.684000,4.684000
2026-08-28T13:18:00Z,2026-08-28T09:18:00-04:00,2026-08-28,^TYX,5.199000,5.200000,5.199000,5.200000
2026-08-28T13:19:00Z,2026-08-28T09:19:00-04:00,2026-08-28,^TNX,4.684000,4.686000,4.684000,4.684000
2026-08-28T13:19:00Z,2026-08-28T09:19:00-04:00,2026-08-28,^TYX,5.201000,5.201000,5.200000,5.200000
2026-08-28T13:20:00Z,2026-08-28T09:20:00-04:00,2026-08-28,^TNX,4.684000,4.684000,4.684000,4.684000
2026-08-28T13:20:00Z,2026-08-28T09:20:00-04:00,2026-08-28,^TYX,5.200000,5.200000,5.199000,5.200000
2026-08-28T13:21:00Z,2026-08-28T09:21:00-04:00,2026-08-28,^TNX,4.684000,4.684000,4.684000,4.684000
2026-08-28T13:21:00Z,2026-08-28T09:21:00-04:00,2026-08-28,^TYX,5.200000,5.200000,5.199000,5.199000
2026-08-28T13:22:00Z,2026-08-28T09:22:00-04:00,2026-08-28,^TNX,4.684000,4.684000,4.684000,4.684000
2026-08-28T13:22:00Z,2026-08-28T09:22:00-04:00,2026-08-28,^TYX,5.200000,5.200000,5.200000,5.200000
2026-08-28T13:23:00Z,2026-08-28T09:23:00-04:00,2026-08-28,^TNX,4.684000,4.684000,4.684000,4.684000
2026-08-28T13:23:00Z,2026-08-28T09:23:00-04:00,2026-08-28,^TYX,5.200000,5.200000,5.200000,5.200000
2026-08-28T13:24:00Z,2026-08-28T09:24:00-04:00,2026-08-28,^TNX,4.684000,4.684000,4.684000,4.684000
2026-08-28T13:24:00Z,2026-08-28T09:24:00-04:00,2026-08-28,^TYX,5.200000,5.201000,5.200000,5.201000
2026-08-28T13:25:00Z,2026-08-28T09:25:00-04:00,2026-08-28,^TNX,4.684000,4.684000,4.684000,4.684000
2026-08-28T13:25:00Z,2026-08-28T09:25:00-04:00,2026-08-28,^TYX,5.201000,5.201000,5.201000,5.201000
2026-08-28T13:26:00Z,2026-08-28T09:26:00-04:00,2026-08-28,^TNX,4.684000,4.684000,4.684000,4.684000
2026-08-28T13:26:00Z,2026-08-28T09:26:00-04:00,2026-08-28,^TYX,5.201000,5.201000,5.200000,5.201000
2026-08-28T13:27:00Z,2026-08-28T09:27:00-04:00,2026-08-28,^TNX,4.684000,4.684000,4.684000,4.684000
2026-08-28T13:27:00Z,2026-08-28T09:27:00-04:00,2026-08-28,^TYX,5.201000,5.201000,5.200000,5.201000
2026-08-28T13:28:00Z,2026-08-28T09:28:00-04:00,2026-08-28,^TNX,4.684000,4.684000,4.682000,4.682000
2026-08-28T13:28:00Z,2026-08-28T09:28:00-04:00,2026-08-28,^TYX,5.201000,5.201000,5.199000,5.199000
2026-08-28T13:29:00Z,2026-08-28T09:29:00-04:00,2026-08-28,^TNX,4.682000,4.682000,4.680000,4.680000
2026-08-28T13:29:00Z,2026-08-28T09:29:00-04:00,2026-08-28,^TYX,5.199000,5.199000,5.198000,5.198000
2026-08-28T13:30:00Z,2026-08-28T09:30:00-04:00,2026-08-28,^TNX,4.680000,4.682000,4.680000,4.680000
2026-08-28T13:30:00Z,2026-08-28T09:30:00-04:00,2026-08-28,^TYX,5.198000,5.199000,5.197000,5.199000
2026-08-28T13:31:00Z,2026-08-28T09:31:00-04:00,2026-08-28,^TNX,4.680000,4.682000,4.680000,4.682000
2026-08-28T13:31:00Z,2026-08-28T09:31:00-04:00,2026-08-28,^TYX,5.197000,5.198000,5.197000,5.198000
2026-08-28T13:32:00Z,2026-08-28T09:32:00-04:00,2026-08-28,^TNX,4.680000,4.682000,4.680000,4.680000
2026-08-28T13:32:00Z,2026-08-28T09:32:00-04:00,2026-08-28,^TYX,5.198000,5.199000,5.198000,5.199000
2026-08-28T13:33:00Z,2026-08-28T09:33:00-04:00,2026-08-28,^TNX,4.680000,4.682000,4.680000,4.682000
2026-08-28T13:33:00Z,2026-08-28T09:33:00-04:00,2026-08-28,^TYX,5.199000,5.199000,5.198000,5.199000
2026-08-28T13:34:00Z,2026-08-28T09:34:00-04:00,2026-08-28,^TNX,4.682000,4.682000,4.680000,4.680000
2026-08-28T13:34:00Z,2026-08-28T09:34:00-04:00,2026-08-28,^TYX,5.199000,5.199000,5.198000,5.198000
2026-08-28T13:35:00Z,2026-08-28T09:35:00-04:00,2026-08-28,^TNX,4.680000,4.680000,4.680000,4.680000
2026-08-28T13:35:00Z,2026-08-28T09:35:00-04:00,2026-08-28,^TYX,5.197000,5.198000,5.197000,5.197000
2026-08-28T13:36:00Z,2026-08-28T09:36:00-04:00,2026-08-28,^TNX,4.680000,4.680000,4.680000,4.680000
2026-08-28T13:36:00Z,2026-08-28T09:36:00-04:00,2026-08-28,^TYX,5.197000,5.198000,5.197000,5.198000
2026-08-28T13:37:00Z,2026-08-28T09:37:00-04:00,2026-08-28,^TNX,4.680000,4.682000,4.680000,4.680000
2026-08-28T13:37:00Z,2026-08-28T09:37:00-04:00,2026-08-28,^TYX,5.198000,5.198000,5.197000,5.197000
2026-08-28T13:38:00Z,2026-08-28T09:38:00-04:00,2026-08-28,^TNX,4.682000,4.682000,4.682000,4.682000
2026-08-28T13:38:00Z,2026-08-28T09:38:00-04:00,2026-08-28,^TYX,5.197000,5.199000,5.197000,5.198000
2026-08-28T13:39:00Z,2026-08-28T09:39:00-04:00,2026-08-28,^TNX,4.682000,4.682000,4.680000,4.680000
2026-08-28T13:39:00Z,2026-08-28T09:39:00-04:00,2026-08-28,^TYX,5.198000,5.198000,5.198000,5.198000
2026-08-28T13:40:00Z,2026-08-28T09:40:00-04:00,2026-08-28,^TNX,4.682000,4.682000,4.680000,4.680000
2026-08-28T13:40:00Z,2026-08-28T09:40:00-04:00,2026-08-28,^TYX,5.199000,5.199000,5.198000,5.198000
2026-08-28T13:41:00Z,2026-08-28T09:41:00-04:00,2026-08-28,^TNX,4.680000,4.682000,4.680000,4.680000
2026-08-28T13:41:00Z,2026-08-28T09:41:00-04:00,2026-08-28,^TYX,5.198000,5.199000,5.198000,5.198000
2026-08-28T13:42:00Z,2026-08-28T09:42:00-04:00,2026-08-28,^TNX,4.680000,4.680000,4.680000,4.680000
2026-08-28T13:42:00Z,2026-08-28T09:42:00-04:00,2026-08-28,^TYX,5.198000,5.198000,5.198000,5.198000
2026-08-28T13:43:00Z,2026-08-28T09:43:00-04:00,2026-08-28,^TNX,4.680000,4.682000,4.680000,4.682000
2026-08-28T13:43:00Z,2026-08-28T09:43:00-04:00,2026-08-28,^TYX,5.199000,5.201000,5.199000,5.201000
2026-08-28T13:44:00Z,2026-08-28T09:44:00-04:00,2026-08-28,^TNX,4.682000,4.682000,4.682000,4.682000
2026-08-28T13:44:00Z,2026-08-28T09:44:00-04:00,2026-08-28,^TYX,5.200000,5.200000,5.200000,5.200000
2026-08-28T13:45:00Z,2026-08-28T09:45:00-04:00,2026-08-28,^TNX,4.682000,4.682000,4.680000,4.680000
2026-08-28T13:45:00Z,2026-08-28T09:45:00-04:00,2026-08-28,^TYX,5.201000,5.201000,5.198000,5.198000
2026-08-28T13:46:00Z,2026-08-28T09:46:00-04:00,2026-08-28,^TNX,4.680000,4.680000,4.680000,4.680000
2026-08-28T13:46:00Z,2026-08-28T09:46:00-04:00,2026-08-28,^TYX,5.198000,5.198000,5.197000,5.198000
2026-08-28T13:47:00Z,2026-08-28T09:47:00-04:00,2026-08-28,^TNX,4.680000,4.680000,4.678000,4.678000
2026-08-28T13:47:00Z,2026-08-28T09:47:00-04:00,2026-08-28,^TYX,5.197000,5.198000,5.196000,5.196000
2026-08-28T13:48:00Z,2026-08-28T09:48:00-04:00,2026-08-28,^TNX,4.680000,4.680000,4.678000,4.680000
2026-08-28T13:48:00Z,2026-08-28T09:48:00-04:00,2026-08-28,^TYX,5.197000,5.198000,5.196000,5.198000
2026-08-28T13:49:00Z,2026-08-28T09:49:00-04:00,2026-08-28,^TNX,4.680000,4.680000,4.678000,4.678000
2026-08-28T13:49:00Z,2026-08-28T09:49:00-04:00,2026-08-28,^TYX,5.198000,5.198000,5.197000,5.197000
2026-08-28T13:50:00Z,2026-08-28T09:50:00-04:00,2026-08-28,^TNX,4.680000,4.680000,4.678000,4.678000
2026-08-28T13:50:00Z,2026-08-28T09:50:00-04:00,2026-08-28,^TYX,5.197000,5.198000,5.197000,5.197000
2026-08-28T13:51:00Z,2026-08-28T09:51:00-04:00,2026-08-28,^TNX,4.678000,4.678000,4.676000,4.676000
2026-08-28T13:51:00Z,2026-08-28T09:51:00-04:00,2026-08-28,^TYX,5.197000,5.197000,5.195000,5.195000
2026-08-28T13:52:00Z,2026-08-28T09:52:00-04:00,2026-08-28,^TNX,4.676000,4.676000,4.676000,4.676000
2026-08-28T13:52:00Z,2026-08-28T09:52:00-04:00,2026-08-28,^TYX,5.195000,5.195000,5.195000,5.195000
2026-08-28T13:53:00Z,2026-08-28T09:53:00-04:00,2026-08-28,^TNX,4.676000,4.676000,4.674000,4.674000
2026-08-28T13:53:00Z,2026-08-28T09:53:00-04:00,2026-08-28,^TYX,5.195000,5.195000,5.193000,5.193000
2026-08-28T13:54:00Z,2026-08-28T09:54:00-04:00,2026-08-28,^TNX,4.674000,4.676000,4.674000,4.676000
2026-08-28T13:54:00Z,2026-08-28T09:54:00-04:00,2026-08-28,^TYX,5.193000,5.194000,5.193000,5.193000
2026-08-28T13:55:00Z,2026-08-28T09:55:00-04:00,2026-08-28,^TNX,4.676000,4.676000,4.672000,4.672000
2026-08-28T13:55:00Z,2026-08-28T09:55:00-04:00,2026-08-28,^TYX,5.192000,5.193000,5.191000,5.191000
2026-08-28T13:56:00Z,2026-08-28T09:56:00-04:00,2026-08-28,^TNX,4.672000,4.672000,4.670000,4.670000
2026-08-28T13:56:00Z,2026-08-28T09:56:00-04:00,2026-08-28,^TYX,5.191000,5.191000,5.188000,5.188000
2026-08-28T13:57:00Z,2026-08-28T09:57:00-04:00,2026-08-28,^TNX,4.672000,4.672000,4.668000,4.668000
2026-08-28T13:57:00Z,2026-08-28T09:57:00-04:00,2026-08-28,^TYX,5.189000,5.189000,5.185000,5.185000
2026-08-28T13:58:00Z,2026-08-28T09:58:00-04:00,2026-08-28,^TNX,4.668000,4.668000,4.662000,4.664000
2026-08-28T13:58:00Z,2026-08-28T09:58:00-04:00,2026-08-28,^TYX,5.187000,5.187000,5.182000,5.184000
2026-08-28T13:59:00Z,2026-08-28T09:59:00-04:00,2026-08-28,^TNX,4.662000,4.662000,4.660000,4.662000
2026-08-28T13:59:00Z,2026-08-28T09:59:00-04:00,2026-08-28,^TYX,5.182000,5.182000,5.179000,5.182000
2026-08-28T14:00:00Z,2026-08-28T10:00:00-04:00,2026-08-28,^TNX,4.674000,4.676000,4.654000,4.662000
2026-08-28T14:00:00Z,2026-08-28T10:00:00-04:00,2026-08-28,^TYX,5.186000,5.186000,5.173000,5.179000
2026-08-28T14:01:00Z,2026-08-28T10:01:00-04:00,2026-08-28,^TNX,4.662000,4.674000,4.662000,4.674000
2026-08-28T14:01:00Z,2026-08-28T10:01:00-04:00,2026-08-28,^TYX,5.179000,5.187000,5.179000,5.187000
2026-08-28T14:02:00Z,2026-08-28T10:02:00-04:00,2026-08-28,^TNX,4.672000,4.678000,4.672000,4.676000
2026-08-28T14:02:00Z,2026-08-28T10:02:00-04:00,2026-08-28,^TYX,5.185000,5.187000,5.185000,5.185000
2026-08-28T14:03:00Z,2026-08-28T10:03:00-04:00,2026-08-28,^TNX,4.674000,4.684000,4.674000,4.684000
2026-08-28T14:03:00Z,2026-08-28T10:03:00-04:00,2026-08-28,^TYX,5.183000,5.187000,5.183000,5.187000
2026-08-28T14:04:00Z,2026-08-28T10:04:00-04:00,2026-08-28,^TNX,4.686000,4.686000,4.684000,4.684000
2026-08-28T14:04:00Z,2026-08-28T10:04:00-04:00,2026-08-28,^TYX,5.190000,5.190000,5.184000,5.184000
2026-08-28T14:05:00Z,2026-08-28T10:05:00-04:00,2026-08-28,^TNX,4.684000,4.684000,4.684000,4.684000
2026-08-28T14:05:00Z,2026-08-28T10:05:00-04:00,2026-08-28,^TYX,5.185000,5.185000,5.185000,5.185000
2026-08-28T14:06:00Z,2026-08-28T10:06:00-04:00,2026-08-28,^TNX,4.684000,4.690000,4.684000,4.690000
2026-08-28T14:06:00Z,2026-08-28T10:06:00-04:00,2026-08-28,^TYX,5.185000,5.190000,5.185000,5.190000
2026-08-28T14:07:00Z,2026-08-28T10:07:00-04:00,2026-08-28,^TNX,4.690000,4.692000,4.690000,4.692000
2026-08-28T14:07:00Z,2026-08-28T10:07:00-04:00,2026-08-28,^TYX,5.191000,5.192000,5.191000,5.191000
2026-08-28T14:08:00Z,2026-08-28T10:08:00-04:00,2026-08-28,^TNX,4.692000,4.694000,4.690000,4.690000
2026-08-28T14:08:00Z,2026-08-28T10:08:00-04:00,2026-08-28,^TYX,5.191000,5.192000,5.188000,5.188000
2026-08-28T14:09:00Z,2026-08-28T10:09:00-04:00,2026-08-28,^TNX,4.688000,4.690000,4.686000,4.690000
2026-08-28T14:09:00Z,2026-08-28T10:09:00-04:00,2026-08-28,^TYX,5.187000,5.189000,5.185000,5.187000
2026-08-28T14:10:00Z,2026-08-28T10:10:00-04:00,2026-08-28,^TNX,4.690000,4.692000,4.690000,4.692000
2026-08-28T14:10:00Z,2026-08-28T10:10:00-04:00,2026-08-28,^TYX,5.187000,5.187000,5.187000,5.187000
2026-08-28T14:11:00Z,2026-08-28T10:11:00-04:00,2026-08-28,^TNX,4.694000,4.696000,4.694000,4.694000
2026-08-28T14:11:00Z,2026-08-28T10:11:00-04:00,2026-08-28,^TYX,5.189000,5.190000,5.188000,5.189000
2026-08-28T14:12:00Z,2026-08-28T10:12:00-04:00,2026-08-28,^TNX,4.692000,4.694000,4.692000,4.692000
2026-08-28T14:12:00Z,2026-08-28T10:12:00-04:00,2026-08-28,^TYX,5.186000,5.186000,5.185000,5.185000
2026-08-28T14:13:00Z,2026-08-28T10:13:00-04:00,2026-08-28,^TNX,4.694000,4.698000,4.694000,4.694000
2026-08-28T14:13:00Z,2026-08-28T10:13:00-04:00,2026-08-28,^TYX,5.187000,5.189000,5.186000,5.186000
2026-08-28T14:14:00Z,2026-08-28T10:14:00-04:00,2026-08-28,^TNX,4.696000,4.696000,4.696000,4.696000
2026-08-28T14:14:00Z,2026-08-28T10:14:00-04:00,2026-08-28,^TYX,5.187000,5.187000,5.185000,5.185000
2026-08-28T14:15:00Z,2026-08-28T10:15:00-04:00,2026-08-28,^TNX,4.696000,4.696000,4.694000,4.696000
2026-08-28T14:15:00Z,2026-08-28T10:15:00-04:00,2026-08-28,^TYX,5.183000,5.185000,5.183000,5.183000
2026-08-28T14:16:00Z,2026-08-28T10:16:00-04:00,2026-08-28,^TNX,4.694000,4.694000,4.690000,4.692000
2026-08-28T14:16:00Z,2026-08-28T10:16:00-04:00,2026-08-28,^TYX,5.183000,5.183000,5.176000,5.178000
2026-08-28T14:17:00Z,2026-08-28T10:17:00-04:00,2026-08-28,^TNX,4.688000,4.690000,4.686000,4.688000
2026-08-28T14:17:00Z,2026-08-28T10:17:00-04:00,2026-08-28,^TYX,5.173000,5.176000,5.171000,5.174000
2026-08-28T14:18:00Z,2026-08-28T10:18:00-04:00,2026-08-28,^TNX,4.688000,4.688000,4.686000,4.688000
2026-08-28T14:18:00Z,2026-08-28T10:18:00-04:00,2026-08-28,^TYX,5.175000,5.175000,5.170000,5.171000
2026-08-28T14:19:00Z,2026-08-28T10:19:00-04:00,2026-08-28,^TNX,4.692000,4.694000,4.692000,4.692000
2026-08-28T14:19:00Z,2026-08-28T10:19:00-04:00,2026-08-28,^TYX,5.173000,5.176000,5.173000,5.174000
2026-08-28T14:20:00Z,2026-08-28T10:20:00-04:00,2026-08-28,^TNX,4.694000,4.694000,4.692000,4.692000
2026-08-28T14:20:00Z,2026-08-28T10:20:00-04:00,2026-08-28,^TYX,5.175000,5.175000,5.172000,5.173000
2026-08-28T14:21:00Z,2026-08-28T10:21:00-04:00,2026-08-28,^TNX,4.692000,4.692000,4.690000,4.690000
2026-08-28T14:21:00Z,2026-08-28T10:21:00-04:00,2026-08-28,^TYX,5.173000,5.173000,5.171000,5.172000
2026-08-28T14:22:00Z,2026-08-28T10:22:00-04:00,2026-08-28,^TNX,4.690000,4.690000,4.688000,4.688000
2026-08-28T14:22:00Z,2026-08-28T10:22:00-04:00,2026-08-28,^TYX,5.171000,5.173000,5.170000,5.173000
2026-08-28T14:23:00Z,2026-08-28T10:23:00-04:00,2026-08-28,^TNX,4.690000,4.698000,4.690000,4.698000
2026-08-28T14:23:00Z,2026-08-28T10:23:00-04:00,2026-08-28,^TYX,5.172000,5.178000,5.172000,5.178000
2026-08-28T14:24:00Z,2026-08-28T10:24:00-04:00,2026-08-28,^TNX,4.700000,4.700000,4.698000,4.700000
2026-08-28T14:24:00Z,2026-08-28T10:24:00-04:00,2026-08-28,^TYX,5.179000,5.181000,5.179000,5.181000
2026-08-28T14:25:00Z,2026-08-28T10:25:00-04:00,2026-08-28,^TNX,4.700000,4.700000,4.698000,4.698000
2026-08-28T14:25:00Z,2026-08-28T10:25:00-04:00,2026-08-28,^TYX,5.181000,5.181000,5.179000,5.179000
2026-08-28T14:26:00Z,2026-08-28T10:26:00-04:00,2026-08-28,^TNX,4.698000,4.702000,4.698000,4.698000
2026-08-28T14:26:00Z,2026-08-28T10:26:00-04:00,2026-08-28,^TYX,5.179000,5.183000,5.179000,5.181000
2026-08-28T14:27:00Z,2026-08-28T10:27:00-04:00,2026-08-28,^TNX,4.696000,4.696000,4.696000,4.696000
2026-08-28T14:27:00Z,2026-08-28T10:27:00-04:00,2026-08-28,^TYX,5.181000,5.181000,5.179000,5.179000
2026-08-28T14:28:00Z,2026-08-28T10:28:00-04:00,2026-08-28,^TNX,4.696000,4.696000,4.694000,4.694000
2026-08-28T14:28:00Z,2026-08-28T10:28:00-04:00,2026-08-28,^TYX,5.179000,5.181000,5.178000,5.178000
2026-08-28T14:29:00Z,2026-08-28T10:29:00-04:00,2026-08-28,^TNX,4.696000,4.696000,4.692000,4.692000
2026-08-28T14:29:00Z,2026-08-28T10:29:00-04:00,2026-08-28,^TYX,5.178000,5.179000,5.178000,5.178000
2026-08-28T14:30:00Z,2026-08-28T10:30:00-04:00,2026-08-28,^TNX,4.694000,4.694000,4.690000,4.694000
2026-08-28T14:30:00Z,2026-08-28T10:30:00-04:00,2026-08-28,^TYX,5.179000,5.179000,5.176000,5.179000
2026-08-28T14:31:00Z,2026-08-28T10:31:00-04:00,2026-08-28,^TNX,4.692000,4.694000,4.692000,4.692000
2026-08-28T14:31:00Z,2026-08-28T10:31:00-04:00,2026-08-28,^TYX,5.178000,5.179000,5.176000,5.179000
2026-08-28T14:32:00Z,2026-08-28T10:32:00-04:00,2026-08-28,^TNX,4.690000,4.692000,4.690000,4.692000
2026-08-28T14:32:00Z,2026-08-28T10:32:00-04:00,2026-08-28,^TYX,5.179000,5.183000,5.179000,5.183000
2026-08-28T14:33:00Z,2026-08-28T10:33:00-04:00,2026-08-28,^TNX,4.690000,4.690000,4.688000,4.688000
2026-08-28T14:33:00Z,2026-08-28T10:33:00-04:00,2026-08-28,^TYX,5.179000,5.181000,5.179000,5.181000
2026-08-28T14:34:00Z,2026-08-28T10:34:00-04:00,2026-08-28,^TNX,4.688000,4.688000,4.688000,4.688000
2026-08-28T14:34:00Z,2026-08-28T10:34:00-04:00,2026-08-28,^TYX,5.181000,5.181000,5.179000,5.179000
2026-08-28T14:35:00Z,2026-08-28T10:35:00-04:00,2026-08-28,^TNX,4.686000,4.686000,4.684000,4.684000
2026-08-28T14:35:00Z,2026-08-28T10:35:00-04:00,2026-08-28,^TYX,5.179000,5.179000,5.178000,5.178000
2026-08-28T14:36:00Z,2026-08-28T10:36:00-04:00,2026-08-28,^TNX,4.682000,4.684000,4.680000,4.684000
2026-08-28T14:36:00Z,2026-08-28T10:36:00-04:00,2026-08-28,^TYX,5.174000,5.175000,5.170000,5.175000
2026-08-28T14:37:00Z,2026-08-28T10:37:00-04:00,2026-08-28,^TNX,4.684000,4.684000,4.680000,4.680000
2026-08-28T14:37:00Z,2026-08-28T10:37:00-04:00,2026-08-28,^TYX,5.174000,5.174000,5.171000,5.171000
2026-08-28T14:38:00Z,2026-08-28T10:38:00-04:00,2026-08-28,^TNX,4.684000,4.684000,4.678000,4.678000
2026-08-28T14:38:00Z,2026-08-28T10:38:00-04:00,2026-08-28,^TYX,5.172000,5.172000,5.168000,5.168000
2026-08-28T14:39:00Z,2026-08-28T10:39:00-04:00,2026-08-28,^TNX,4.678000,4.682000,4.678000,4.682000
2026-08-28T14:39:00Z,2026-08-28T10:39:00-04:00,2026-08-28,^TYX,5.168000,5.172000,5.168000,5.171000
2026-08-28T14:40:00Z,2026-08-28T10:40:00-04:00,2026-08-28,^TNX,4.682000,4.682000,4.680000,4.680000
2026-08-28T14:40:00Z,2026-08-28T10:40:00-04:00,2026-08-28,^TYX,5.171000,5.171000,5.169000,5.169000
2026-08-28T14:41:00Z,2026-08-28T10:41:00-04:00,2026-08-28,^TNX,4.680000,4.680000,4.680000,4.680000
2026-08-28T14:41:00Z,2026-08-28T10:41:00-04:00,2026-08-28,^TYX,5.169000,5.170000,5.168000,5.168000
2026-08-28T14:42:00Z,2026-08-28T10:42:00-04:00,2026-08-28,^TNX,4.678000,4.678000,4.676000,4.676000
2026-08-28T14:42:00Z,2026-08-28T10:42:00-04:00,2026-08-28,^TYX,5.167000,5.168000,5.165000,5.165000
2026-08-28T14:43:00Z,2026-08-28T10:43:00-04:00,2026-08-28,^TNX,4.676000,4.676000,4.672000,4.672000
2026-08-28T14:43:00Z,2026-08-28T10:43:00-04:00,2026-08-28,^TYX,5.163000,5.163000,5.160000,5.161000
2026-08-28T14:44:00Z,2026-08-28T10:44:00-04:00,2026-08-28,^TNX,4.670000,4.670000,4.666000,4.666000
2026-08-28T14:44:00Z,2026-08-28T10:44:00-04:00,2026-08-28,^TYX,5.158000,5.159000,5.157000,5.157000
2026-08-28T14:45:00Z,2026-08-28T10:45:00-04:00,2026-08-28,^TNX,4.670000,4.672000,4.668000,4.672000
2026-08-28T14:45:00Z,2026-08-28T10:45:00-04:00,2026-08-28,^TYX,5.159000,5.162000,5.158000,5.162000
2026-08-28T14:46:00Z,2026-08-28T10:46:00-04:00,2026-08-28,^TNX,4.674000,4.674000,4.670000,4.672000
2026-08-28T14:46:00Z,2026-08-28T10:46:00-04:00,2026-08-28,^TYX,5.163000,5.163000,5.158000,5.158000
2026-08-28T14:47:00Z,2026-08-28T10:47:00-04:00,2026-08-28,^TNX,4.670000,4.672000,4.668000,4.672000
2026-08-28T14:47:00Z,2026-08-28T10:47:00-04:00,2026-08-28,^TYX,5.158000,5.159000,5.155000,5.159000
2026-08-28T14:48:00Z,2026-08-28T10:48:00-04:00,2026-08-28,^TNX,4.670000,4.672000,4.670000,4.670000
2026-08-28T14:48:00Z,2026-08-28T10:48:00-04:00,2026-08-28,^TYX,5.158000,5.159000,5.157000,5.158000
2026-08-28T14:49:00Z,2026-08-28T10:49:00-04:00,2026-08-28,^TNX,4.672000,4.674000,4.672000,4.674000
2026-08-28T14:49:00Z,2026-08-28T10:49:00-04:00,2026-08-28,^TYX,5.159000,5.160000,5.159000,5.159000
2026-08-28T14:50:00Z,2026-08-28T10:50:00-04:00,2026-08-28,^TNX,4.676000,4.676000,4.674000,4.674000
2026-08-28T14:50:00Z,2026-08-28T10:50:00-04:00,2026-08-28,^TYX,5.160000,5.161000,5.159000,5.161000
2026-08-28T14:51:00Z,2026-08-28T10:51:00-04:00,2026-08-28,^TNX,4.678000,4.680000,4.676000,4.678000
2026-08-28T14:51:00Z,2026-08-28T10:51:00-04:00,2026-08-28,^TYX,5.165000,5.168000,5.165000,5.168000
2026-08-28T14:52:00Z,2026-08-28T10:52:00-04:00,2026-08-28,^TNX,4.680000,4.680000,4.676000,4.676000
2026-08-28T14:52:00Z,2026-08-28T10:52:00-04:00,2026-08-28,^TYX,5.169000,5.169000,5.167000,5.168000
2026-08-28T14:53:00Z,2026-08-28T10:53:00-04:00,2026-08-28,^TNX,4.676000,4.676000,4.676000,4.676000
2026-08-28T14:53:00Z,2026-08-28T10:53:00-04:00,2026-08-28,^TYX,5.167000,5.168000,5.167000,5.167000
2026-08-28T14:54:00Z,2026-08-28T10:54:00-04:00,2026-08-28,^TNX,4.676000,4.676000,4.674000,4.674000
2026-08-28T14:54:00Z,2026-08-28T10:54:00-04:00,2026-08-28,^TYX,5.165000,5.165000,5.164000,5.164000
2026-08-28T14:55:00Z,2026-08-28T10:55:00-04:00,2026-08-28,^TNX,4.674000,4.674000,4.672000,4.672000
2026-08-28T14:55:00Z,2026-08-28T10:55:00-04:00,2026-08-28,^TYX,5.164000,5.164000,5.163000,5.164000
2026-08-28T14:56:00Z,2026-08-28T10:56:00-04:00,2026-08-28,^TNX,4.672000,4.672000,4.672000,4.672000
2026-08-28T14:56:00Z,2026-08-28T10:56:00-04:00,2026-08-28,^TYX,5.162000,5.164000,5.162000,5.164000
2026-08-28T14:57:00Z,2026-08-28T10:57:00-04:00,2026-08-28,^TNX,4.672000,4.672000,4.668000,4.668000
2026-08-28T14:57:00Z,2026-08-28T10:57:00-04:00,2026-08-28,^TYX,5.163000,5.163000,5.160000,5.161000
2026-08-28T14:58:00Z,2026-08-28T10:58:00-04:00,2026-08-28,^TNX,4.668000,4.670000,4.668000,4.668000
2026-08-28T14:58:00Z,2026-08-28T10:58:00-04:00,2026-08-28,^TYX,5.161000,5.161000,5.160000,5.160000
2026-08-28T14:59:00Z,2026-08-28T10:59:00-04:00,2026-08-28,^TNX,4.668000,4.672000,4.668000,4.672000
2026-08-28T14:59:00Z,2026-08-28T10:59:00-04:00,2026-08-28,^TYX,5.161000,5.161000,5.160000,5.161000
2026-08-28T15:00:00Z,2026-08-28T11:00:00-04:00,2026-08-28,^TNX,4.670000,4.672000,4.670000,4.672000
2026-08-28T15:00:00Z,2026-08-28T11:00:00-04:00,2026-08-28,^TYX,5.161000,5.164000,5.161000,5.164000
2026-08-28T15:01:00Z,2026-08-28T11:01:00-04:00,2026-08-28,^TNX,4.672000,4.676000,4.672000,4.676000
2026-08-28T15:01:00Z,2026-08-28T11:01:00-04:00,2026-08-28,^TYX,5.165000,5.168000,5.165000,5.168000
2026-08-28T15:02:00Z,2026-08-28T11:02:00-04:00,2026-08-28,^TNX,4.676000,4.678000,4.676000,4.678000
2026-08-28T15:02:00Z,2026-08-28T11:02:00-04:00,2026-08-28,^TYX,5.168000,5.170000,5.168000,5.170000
2026-08-28T15:03:00Z,2026-08-28T11:03:00-04:00,2026-08-28,^TNX,4.678000,4.684000,4.678000,4.684000
2026-08-28T15:03:00Z,2026-08-28T11:03:00-04:00,2026-08-28,^TYX,5.170000,5.174000,5.170000,5.174000
2026-08-28T15:04:00Z,2026-08-28T11:04:00-04:00,2026-08-28,^TNX,4.682000,4.684000,4.682000,4.684000
2026-08-28T15:04:00Z,2026-08-28T11:04:00-04:00,2026-08-28,^TYX,5.173000,5.176000,5.173000,5.176000
2026-08-28T15:05:00Z,2026-08-28T11:05:00-04:00,2026-08-28,^TNX,4.686000,4.686000,4.684000,4.684000
2026-08-28T15:05:00Z,2026-08-28T11:05:00-04:00,2026-08-28,^TYX,5.178000,5.178000,5.175000,5.175000
2026-08-28T15:06:00Z,2026-08-28T11:06:00-04:00,2026-08-28,^TNX,4.686000,4.688000,4.686000,4.688000
2026-08-28T15:06:00Z,2026-08-28T11:06:00-04:00,2026-08-28,^TYX,5.176000,5.179000,5.176000,5.179000
2026-08-28T15:07:00Z,2026-08-28T11:07:00-04:00,2026-08-28,^TNX,4.688000,4.688000,4.686000,4.686000
2026-08-28T15:07:00Z,2026-08-28T11:07:00-04:00,2026-08-28,^TYX,5.179000,5.179000,5.178000,5.178000
2026-08-28T15:08:00Z,2026-08-28T11:08:00-04:00,2026-08-28,^TNX,4.686000,4.688000,4.686000,4.688000
2026-08-28T15:08:00Z,2026-08-28T11:08:00-04:00,2026-08-28,^TYX,5.179000,5.179000,5.179000,5.179000
2026-08-28T15:09:00Z,2026-08-28T11:09:00-04:00,2026-08-28,^TNX,4.688000,4.692000,4.688000,4.690000
2026-08-28T15:09:00Z,2026-08-28T11:09:00-04:00,2026-08-28,^TYX,5.179000,5.184000,5.179000,5.183000
2026-08-28T15:10:00Z,2026-08-28T11:10:00-04:00,2026-08-28,^TNX,4.690000,4.690000,4.690000,4.690000
2026-08-28T15:10:00Z,2026-08-28T11:10:00-04:00,2026-08-28,^TYX,5.182000,5.182000,5.181000,5.182000
2026-08-28T15:11:00Z,2026-08-28T11:11:00-04:00,2026-08-28,^TNX,4.692000,4.696000,4.692000,4.694000
2026-08-28T15:11:00Z,2026-08-28T11:11:00-04:00,2026-08-28,^TYX,5.184000,5.186000,5.184000,5.185000
2026-08-28T15:12:00Z,2026-08-28T11:12:00-04:00,2026-08-28,^TNX,4.696000,4.698000,4.696000,4.696000
2026-08-28T15:12:00Z,2026-08-28T11:12:00-04:00,2026-08-28,^TYX,5.186000,5.188000,5.186000,5.186000
2026-08-28T15:13:00Z,2026-08-28T11:13:00-04:00,2026-08-28,^TNX,4.696000,4.696000,4.696000,4.696000
2026-08-28T15:13:00Z,2026-08-28T11:13:00-04:00,2026-08-28,^TYX,5.185000,5.186000,5.185000,5.186000
2026-08-28T15:14:00Z,2026-08-28T11:14:00-04:00,2026-08-28,^TNX,4.696000,4.700000,4.696000,4.700000
2026-08-28T15:14:00Z,2026-08-28T11:14:00-04:00,2026-08-28,^TYX,5.186000,5.187000,5.186000,5.187000
2026-08-28T15:15:00Z,2026-08-28T11:15:00-04:00,2026-08-28,^TNX,4.700000,4.700000,4.696000,4.696000
2026-08-28T15:15:00Z,2026-08-28T11:15:00-04:00,2026-08-28,^TYX,5.188000,5.188000,5.183000,5.184000
2026-08-28T15:16:00Z,2026-08-28T11:16:00-04:00,2026-08-28,^TNX,4.698000,4.698000,4.696000,4.698000
2026-08-28T15:16:00Z,2026-08-28T11:16:00-04:00,2026-08-28,^TYX,5.184000,5.184000,5.181000,5.183000
2026-08-28T15:17:00Z,2026-08-28T11:17:00-04:00,2026-08-28,^TNX,4.700000,4.700000,4.696000,4.696000
2026-08-28T15:17:00Z,2026-08-28T11:17:00-04:00,2026-08-28,^TYX,5.184000,5.184000,5.183000,5.183000
2026-08-28T15:18:00Z,2026-08-28T11:18:00-04:00,2026-08-28,^TNX,4.698000,4.700000,4.698000,4.700000
2026-08-28T15:18:00Z,2026-08-28T11:18:00-04:00,2026-08-28,^TYX,5.183000,5.185000,5.183000,5.183000
2026-08-28T15:19:00Z,2026-08-28T11:19:00-04:00,2026-08-28,^TNX,4.700000,4.700000,4.696000,4.698000
2026-08-28T15:19:00Z,2026-08-28T11:19:00-04:00,2026-08-28,^TYX,5.184000,5.184000,5.181000,5.181000
2026-08-28T15:20:00Z,2026-08-28T11:20:00-04:00,2026-08-28,^TNX,4.698000,4.698000,4.694000,4.694000
2026-08-28T15:20:00Z,2026-08-28T11:20:00-04:00,2026-08-28,^TYX,5.181000,5.181000,5.179000,5.179000
2026-08-28T15:21:00Z,2026-08-28T11:21:00-04:00,2026-08-28,^TNX,4.694000,4.696000,4.692000,4.696000
2026-08-28T15:21:00Z,2026-08-28T11:21:00-04:00,2026-08-28,^TYX,5.179000,5.179000,5.178000,5.178000
2026-08-28T15:22:00Z,2026-08-28T11:22:00-04:00,2026-08-28,^TNX,4.694000,4.694000,4.694000,4.694000
2026-08-28T15:22:00Z,2026-08-28T11:22:00-04:00,2026-08-28,^TYX,5.178000,5.178000,5.176000,5.178000
2026-08-28T15:23:00Z,2026-08-28T11:23:00-04:00,2026-08-28,^TNX,4.692000,4.694000,4.692000,4.694000
2026-08-28T15:23:00Z,2026-08-28T11:23:00-04:00,2026-08-28,^TYX,5.178000,5.178000,5.178000,5.178000
2026-08-28T15:24:00Z,2026-08-28T11:24:00-04:00,2026-08-28,^TNX,4.692000,4.696000,4.692000,4.696000
2026-08-28T15:24:00Z,2026-08-28T11:24:00-04:00,2026-08-28,^TYX,5.176000,5.179000,5.176000,5.179000
2026-08-28T15:25:00Z,2026-08-28T11:25:00-04:00,2026-08-28,^TNX,4.696000,4.696000,4.696000,4.696000
2026-08-28T15:25:00Z,2026-08-28T11:25:00-04:00,2026-08-28,^TYX,5.179000,5.181000,5.179000,5.181000
2026-08-28T15:26:00Z,2026-08-28T11:26:00-04:00,2026-08-28,^TNX,4.698000,4.700000,4.698000,4.700000
2026-08-28T15:26:00Z,2026-08-28T11:26:00-04:00,2026-08-28,^TYX,5.182000,5.184000,5.182000,5.184000
2026-08-28T15:27:00Z,2026-08-28T11:27:00-04:00,2026-08-28,^TNX,4.700000,4.702000,4.700000,4.702000
2026-08-28T15:27:00Z,2026-08-28T11:27:00-04:00,2026-08-28,^TYX,5.184000,5.186000,5.184000,5.186000
2026-08-28T15:28:00Z,2026-08-28T11:28:00-04:00,2026-08-28,^TNX,4.700000,4.700000,4.700000,4.700000
2026-08-28T15:28:00Z,2026-08-28T11:28:00-04:00,2026-08-28,^TYX,5.184000,5.184000,5.183000,5.183000
2026-08-28T15:29:00Z,2026-08-28T11:29:00-04:00,2026-08-28,^TNX,4.700000,4.704000,4.700000,4.702000
2026-08-28T15:29:00Z,2026-08-28T11:29:00-04:00,2026-08-28,^TYX,5.183000,5.186000,5.183000,5.185000
2026-08-28T15:30:00Z,2026-08-28T11:30:00-04:00,2026-08-28,^TNX,4.702000,4.704000,4.702000,4.702000
2026-08-28T15:30:00Z,2026-08-28T11:30:00-04:00,2026-08-28,^TYX,5.185000,5.186000,5.185000,5.186000
2026-08-28T15:31:00Z,2026-08-28T11:31:00-04:00,2026-08-28,^TNX,4.702000,4.702000,4.698000,4.700000
2026-08-28T15:31:00Z,2026-08-28T11:31:00-04:00,2026-08-28,^TYX,5.186000,5.187000,5.184000,5.184000
2026-08-28T15:32:00Z,2026-08-28T11:32:00-04:00,2026-08-28,^TNX,4.700000,4.702000,4.700000,4.702000
2026-08-28T15:32:00Z,2026-08-28T11:32:00-04:00,2026-08-28,^TYX,5.184000,5.185000,5.183000,5.185000
2026-08-28T15:33:00Z,2026-08-28T11:33:00-04:00,2026-08-28,^TNX,4.702000,4.704000,4.702000,4.702000
2026-08-28T15:33:00Z,2026-08-28T11:33:00-04:00,2026-08-28,^TYX,5.185000,5.186000,5.184000,5.186000
2026-08-28T15:34:00Z,2026-08-28T11:34:00-04:00,2026-08-28,^TNX,4.704000,4.704000,4.700000,4.700000
2026-08-28T15:34:00Z,2026-08-28T11:34:00-04:00,2026-08-28,^TYX,5.186000,5.186000,5.184000,5.184000
2026-08-28T15:35:00Z,2026-08-28T11:35:00-04:00,2026-08-28,^TNX,4.700000,4.704000,4.700000,4.704000
2026-08-28T15:35:00Z,2026-08-28T11:35:00-04:00,2026-08-28,^TYX,5.185000,5.186000,5.184000,5.186000
2026-08-28T15:36:00Z,2026-08-28T11:36:00-04:00,2026-08-28,^TNX,4.704000,4.704000,4.702000,4.702000
2026-08-28T15:36:00Z,2026-08-28T11:36:00-04:00,2026-08-28,^TYX,5.186000,5.187000,5.185000,5.185000
2026-08-28T15:37:00Z,2026-08-28T11:37:00-04:00,2026-08-28,^TNX,4.704000,4.704000,4.704000,4.704000
2026-08-28T15:37:00Z,2026-08-28T11:37:00-04:00,2026-08-28,^TYX,5.186000,5.186000,5.186000,5.186000
2026-08-28T15:38:00Z,2026-08-28T11:38:00-04:00,2026-08-28,^TNX,4.704000,4.704000,4.704000,4.704000
2026-08-28T15:38:00Z,2026-08-28T11:38:00-04:00,2026-08-28,^TYX,5.186000,5.187000,5.186000,5.187000
2026-08-28T15:39:00Z,2026-08-28T11:39:00-04:00,2026-08-28,^TNX,4.704000,4.706000,4.704000,4.704000
2026-08-28T15:39:00Z,2026-08-28T11:39:00-04:00,2026-08-28,^TYX,5.187000,5.189000,5.187000,5.187000
2026-08-28T15:40:00Z,2026-08-28T11:40:00-04:00,2026-08-28,^TNX,4.706000,4.708000,4.704000,4.708000
2026-08-28T15:40:00Z,2026-08-28T11:40:00-04:00,2026-08-28,^TYX,5.187000,5.191000,5.187000,5.191000
2026-08-28T15:41:00Z,2026-08-28T11:41:00-04:00,2026-08-28,^TNX,4.710000,4.712000,4.710000,4.710000
2026-08-28T15:41:00Z,2026-08-28T11:41:00-04:00,2026-08-28,^TYX,5.193000,5.194000,5.193000,5.193000
2026-08-28T15:42:00Z,2026-08-28T11:42:00-04:00,2026-08-28,^TNX,4.710000,4.712000,4.710000,4.710000
2026-08-28T15:42:00Z,2026-08-28T11:42:00-04:00,2026-08-28,^TYX,5.193000,5.193000,5.193000,5.193000
2026-08-28T15:43:00Z,2026-08-28T11:43:00-04:00,2026-08-28,^TNX,4.712000,4.712000,4.712000,4.712000
2026-08-28T15:43:00Z,2026-08-28T11:43:00-04:00,2026-08-28,^TYX,5.193000,5.196000,5.193000,5.196000
2026-08-28T15:44:00Z,2026-08-28T11:44:00-04:00,2026-08-28,^TNX,4.712000,4.712000,4.712000,4.712000
2026-08-28T15:44:00Z,2026-08-28T11:44:00-04:00,2026-08-28,^TYX,5.195000,5.197000,5.195000,5.196000
2026-08-28T15:45:00Z,2026-08-28T11:45:00-04:00,2026-08-28,^TNX,4.712000,4.712000,4.712000,4.712000
2026-08-28T15:45:00Z,2026-08-28T11:45:00-04:00,2026-08-28,^TYX,5.196000,5.197000,5.195000,5.195000
2026-08-28T15:46:00Z,2026-08-28T11:46:00-04:00,2026-08-28,^TNX,4.710000,4.710000,4.708000,4.708000
2026-08-28T15:46:00Z,2026-08-28T11:46:00-04:00,2026-08-28,^TYX,5.195000,5.195000,5.192000,5.192000
2026-08-28T15:47:00Z,2026-08-28T11:47:00-04:00,2026-08-28,^TNX,4.708000,4.708000,4.704000,4.708000
2026-08-28T15:47:00Z,2026-08-28T11:47:00-04:00,2026-08-28,^TYX,5.192000,5.192000,5.190000,5.191000
2026-08-28T15:48:00Z,2026-08-28T11:48:00-04:00,2026-08-28,^TNX,4.706000,4.708000,4.706000,4.708000
2026-08-28T15:48:00Z,2026-08-28T11:48:00-04:00,2026-08-28,^TYX,5.190000,5.192000,5.190000,5.191000
2026-08-28T15:49:00Z,2026-08-28T11:49:00-04:00,2026-08-28,^TNX,4.708000,4.708000,4.708000,4.708000
2026-08-28T15:49:00Z,2026-08-28T11:49:00-04:00,2026-08-28,^TYX,5.192000,5.193000,5.192000,5.193000
2026-08-28T15:50:00Z,2026-08-28T11:50:00-04:00,2026-08-28,^TNX,4.708000,4.708000,4.706000,4.708000
2026-08-28T15:50:00Z,2026-08-28T11:50:00-04:00,2026-08-28,^TYX,5.193000,5.193000,5.191000,5.192000
2026-08-28T15:51:00Z,2026-08-28T11:51:00-04:00,2026-08-28,^TNX,4.708000,4.708000,4.708000,4.708000
2026-08-28T15:51:00Z,2026-08-28T11:51:00-04:00,2026-08-28,^TYX,5.191000,5.192000,5.191000,5.191000
2026-08-28T15:52:00Z,2026-08-28T11:52:00-04:00,2026-08-28,^TNX,4.706000,4.706000,4.704000,4.704000
2026-08-28T15:52:00Z,2026-08-28T11:52:00-04:00,2026-08-28,^TYX,5.191000,5.191000,5.190000,5.190000
2026-08-28T15:53:00Z,2026-08-28T11:53:00-04:00,2026-08-28,^TNX,4.706000,4.708000,4.706000,4.708000
2026-08-28T15:53:00Z,2026-08-28T11:53:00-04:00,2026-08-28,^TYX,5.190000,5.194000,5.190000,5.194000
2026-08-28T15:54:00Z,2026-08-28T11:54:00-04:00,2026-08-28,^TNX,4.708000,4.708000,4.708000,4.708000
2026-08-28T15:54:00Z,2026-08-28T11:54:00-04:00,2026-08-28,^TYX,5.193000,5.193000,5.190000,5.190000
2026-08-28T15:55:00Z,2026-08-28T11:55:00-04:00,2026-08-28,^TNX,4.708000,4.710000,4.708000,4.708000
2026-08-28T15:55:00Z,2026-08-28T11:55:00-04:00,2026-08-28,^TYX,5.190000,5.192000,5.189000,5.191000
2026-08-28T15:56:00Z,2026-08-28T11:56:00-04:00,2026-08-28,^TNX,4.710000,4.710000,4.708000,4.710000
2026-08-28T15:56:00Z,2026-08-28T11:56:00-04:00,2026-08-28,^TYX,5.192000,5.193000,5.192000,5.193000
2026-08-28T15:57:00Z,2026-08-28T11:57:00-04:00,2026-08-28,^TNX,4.710000,4.712000,4.710000,4.710000
2026-08-28T15:57:00Z,2026-08-28T11:57:00-04:00,2026-08-28,^TYX,5.193000,5.194000,5.193000,5.194000
2026-08-28T15:58:00Z,2026-08-28T11:58:00-04:00,2026-08-28,^TNX,4.710000,4.710000,4.710000,4.710000
2026-08-28T15:58:00Z,2026-08-28T11:58:00-04:00,2026-08-28,^TYX,5.193000,5.193000,5.193000,5.193000
2026-08-28T15:59:00Z,2026-08-28T11:59:00-04:00,2026-08-28,^TNX,4.710000,4.710000,4.708000,4.708000
2026-08-28T15:59:00Z,2026-08-28T11:59:00-04:00,2026-08-28,^TYX,5.193000,5.193000,5.191000,5.191000
2026-08-28T16:00:00Z,2026-08-28T12:00:00-04:00,2026-08-28,^TNX,4.708000,4.708000,4.708000,4.708000
2026-08-28T16:00:00Z,2026-08-28T12:00:00-04:00,2026-08-28,^TYX,5.191000,5.192000,5.191000,5.192000
2026-08-28T16:01:00Z,2026-08-28T12:01:00-04:00,2026-08-28,^TNX,4.708000,4.708000,4.706000,4.708000
2026-08-28T16:01:00Z,2026-08-28T12:01:00-04:00,2026-08-28,^TYX,5.192000,5.192000,5.190000,5.192000
2026-08-28T16:02:00Z,2026-08-28T12:02:00-04:00,2026-08-28,^TNX,4.708000,4.708000,4.706000,4.706000
2026-08-28T16:02:00Z,2026-08-28T12:02:00-04:00,2026-08-28,^TYX,5.193000,5.194000,5.193000,5.194000
2026-08-28T16:03:00Z,2026-08-28T12:03:00-04:00,2026-08-28,^TNX,4.706000,4.708000,4.706000,4.708000
2026-08-28T16:03:00Z,2026-08-28T12:03:00-04:00,2026-08-28,^TYX,5.193000,5.194000,5.193000,5.194000
2026-08-28T16:04:00Z,2026-08-28T12:04:00-04:00,2026-08-28,^TNX,4.708000,4.710000,4.708000,4.710000
2026-08-28T16:04:00Z,2026-08-28T12:04:00-04:00,2026-08-28,^TYX,5.194000,5.195000,5.194000,5.195000
2026-08-28T16:05:00Z,2026-08-28T12:05:00-04:00,2026-08-28,^TNX,4.712000,4.712000,4.712000,4.712000
2026-08-28T16:05:00Z,2026-08-28T12:05:00-04:00,2026-08-28,^TYX,5.196000,5.196000,5.196000,5.196000
2026-08-28T16:06:00Z,2026-08-28T12:06:00-04:00,2026-08-28,^TNX,4.712000,4.714000,4.712000,4.712000
2026-08-28T16:06:00Z,2026-08-28T12:06:00-04:00,2026-08-28,^TYX,5.196000,5.197000,5.195000,5.195000
2026-08-28T16:07:00Z,2026-08-28T12:07:00-04:00,2026-08-28,^TNX,4.712000,4.712000,4.712000,4.712000
2026-08-28T16:07:00Z,2026-08-28T12:07:00-04:00,2026-08-28,^TYX,5.196000,5.196000,5.196000,5.196000
2026-08-28T16:08:00Z,2026-08-28T12:08:00-04:00,2026-08-28,^TNX,4.712000,4.712000,4.712000,4.712000
2026-08-28T16:08:00Z,2026-08-28T12:08:00-04:00,2026-08-28,^TYX,5.196000,5.197000,5.196000,5.197000
2026-08-28T16:09:00Z,2026-08-28T12:09:00-04:00,2026-08-28,^TNX,4.712000,4.712000,4.712000,4.712000
2026-08-28T16:09:00Z,2026-08-28T12:09:00-04:00,2026-08-28,^TYX,5.197000,5.198000,5.197000,5.197000
2026-08-28T16:10:00Z,2026-08-28T12:10:00-04:00,2026-08-28,^TNX,4.712000,4.714000,4.712000,4.714000
2026-08-28T16:10:00Z,2026-08-28T12:10:00-04:00,2026-08-28,^TYX,5.197000,5.199000,5.197000,5.199000
2026-08-28T16:11:00Z,2026-08-28T12:11:00-04:00,2026-08-28,^TNX,4.714000,4.716000,4.712000,4.712000
2026-08-28T16:11:00Z,2026-08-28T12:11:00-04:00,2026-08-28,^TYX,5.199000,5.200000,5.199000,5.199000
2026-08-28T16:12:00Z,2026-08-28T12:12:00-04:00,2026-08-28,^TNX,4.712000,4.712000,4.712000,4.712000
2026-08-28T16:12:00Z,2026-08-28T12:12:00-04:00,2026-08-28,^TYX,5.199000,5.199000,5.197000,5.197000
2026-08-28T16:13:00Z,2026-08-28T12:13:00-04:00,2026-08-28,^TNX,4.712000,4.712000,4.712000,4.712000
2026-08-28T16:13:00Z,2026-08-28T12:13:00-04:00,2026-08-28,^TYX,5.196000,5.197000,5.196000,5.196000
2026-08-28T16:14:00Z,2026-08-28T12:14:00-04:00,2026-08-28,^TNX,4.712000,4.712000,4.712000,4.712000
2026-08-28T16:14:00Z,2026-08-28T12:14:00-04:00,2026-08-28,^TYX,5.196000,5.196000,5.196000,5.196000
2026-08-28T16:15:00Z,2026-08-28T12:15:00-04:00,2026-08-28,^TNX,4.714000,4.714000,4.712000,4.712000
2026-08-28T16:15:00Z,2026-08-28T12:15:00-04:00,2026-08-28,^TYX,5.198000,5.198000,5.198000,5.198000
2026-08-28T16:16:00Z,2026-08-28T12:16:00-04:00,2026-08-28,^TNX,4.714000,4.716000,4.714000,4.716000
2026-08-28T16:16:00Z,2026-08-28T12:16:00-04:00,2026-08-28,^TYX,5.199000,5.201000,5.199000,5.201000
2026-08-28T16:17:00Z,2026-08-28T12:17:00-04:00,2026-08-28,^TNX,4.716000,4.720000,4.716000,4.720000
2026-08-28T16:17:00Z,2026-08-28T12:17:00-04:00,2026-08-28,^TYX,5.201000,5.207000,5.201000,5.206000
2026-08-28T16:18:00Z,2026-08-28T12:18:00-04:00,2026-08-28,^TNX,4.720000,4.724000,4.720000,4.724000
2026-08-28T16:18:00Z,2026-08-28T12:18:00-04:00,2026-08-28,^TYX,5.207000,5.211000,5.207000,5.211000
2026-08-28T16:19:00Z,2026-08-28T12:19:00-04:00,2026-08-28,^TNX,4.724000,4.724000,4.720000,4.720000
2026-08-28T16:19:00Z,2026-08-28T12:19:00-04:00,2026-08-28,^TYX,5.211000,5.211000,5.208000,5.208000
2026-08-28T16:20:00Z,2026-08-28T12:20:00-04:00,2026-08-28,^TNX,4.720000,4.724000,4.720000,4.724000
2026-08-28T16:20:00Z,2026-08-28T12:20:00-04:00,2026-08-28,^TYX,5.209000,5.212000,5.209000,5.212000
2026-08-28T16:21:00Z,2026-08-28T12:21:00-04:00,2026-08-28,^TNX,4.724000,4.724000,4.722000,4.722000
2026-08-28T16:21:00Z,2026-08-28T12:21:00-04:00,2026-08-28,^TYX,5.212000,5.213000,5.210000,5.210000
2026-08-28T16:22:00Z,2026-08-28T12:22:00-04:00,2026-08-28,^TNX,4.724000,4.724000,4.722000,4.724000
2026-08-28T16:22:00Z,2026-08-28T12:22:00-04:00,2026-08-28,^TYX,5.211000,5.213000,5.210000,5.213000
2026-08-28T16:23:00Z,2026-08-28T12:23:00-04:00,2026-08-28,^TNX,4.726000,4.728000,4.724000,4.724000
2026-08-28T16:23:00Z,2026-08-28T12:23:00-04:00,2026-08-28,^TYX,5.213000,5.214000,5.212000,5.212000
2026-08-28T16:24:00Z,2026-08-28T12:24:00-04:00,2026-08-28,^TNX,4.724000,4.726000,4.724000,4.726000
2026-08-28T16:24:00Z,2026-08-28T12:24:00-04:00,2026-08-28,^TYX,5.212000,5.213000,5.210000,5.213000
2026-08-28T16:25:00Z,2026-08-28T12:25:00-04:00,2026-08-28,^TNX,4.726000,4.728000,4.724000,4.728000
2026-08-28T16:25:00Z,2026-08-28T12:25:00-04:00,2026-08-28,^TYX,5.213000,5.213000,5.211000,5.213000
2026-08-28T16:26:00Z,2026-08-28T12:26:00-04:00,2026-08-28,^TNX,4.726000,4.726000,4.726000,4.726000
2026-08-28T16:26:00Z,2026-08-28T12:26:00-04:00,2026-08-28,^TYX,5.212000,5.212000,5.212000,5.212000
2026-08-28T16:27:00Z,2026-08-28T12:27:00-04:00,2026-08-28,^TNX,4.728000,4.728000,4.728000,4.728000
2026-08-28T16:27:00Z,2026-08-28T12:27:00-04:00,2026-08-28,^TYX,5.213000,5.213000,5.213000,5.213000
2026-08-28T16:28:00Z,2026-08-28T12:28:00-04:00,2026-08-28,^TNX,4.726000,4.728000,4.724000,4.728000
2026-08-28T16:28:00Z,2026-08-28T12:28:00-04:00,2026-08-28,^TYX,5.211000,5.211000,5.210000,5.211000
2026-08-28T16:29:00Z,2026-08-28T12:29:00-04:00,2026-08-28,^TNX,4.728000,4.728000,4.726000,4.726000
2026-08-28T16:29:00Z,2026-08-28T12:29:00-04:00,2026-08-28,^TYX,5.211000,5.211000,5.210000,5.210000
2026-08-28T16:30:00Z,2026-08-28T12:30:00-04:00,2026-08-28,^TNX,4.724000,4.724000,4.724000,4.724000
2026-08-28T16:30:00Z,2026-08-28T12:30:00-04:00,2026-08-28,^TYX,5.209000,5.209000,5.208000,5.208000
2026-08-28T16:31:00Z,2026-08-28T12:31:00-04:00,2026-08-28,^TNX,4.722000,4.724000,4.722000,4.724000
2026-08-28T16:31:00Z,2026-08-28T12:31:00-04:00,2026-08-28,^TYX,5.207000,5.210000,5.207000,5.209000
2026-08-28T16:32:00Z,2026-08-28T12:32:00-04:00,2026-08-28,^TNX,4.724000,4.724000,4.724000,4.724000
2026-08-28T16:32:00Z,2026-08-28T12:32:00-04:00,2026-08-28,^TYX,5.209000,5.210000,5.208000,5.208000
2026-08-28T16:33:00Z,2026-08-28T12:33:00-04:00,2026-08-28,^TNX,4.724000,4.726000,4.724000,4.724000
2026-08-28T16:33:00Z,2026-08-28T12:33:00-04:00,2026-08-28,^TYX,5.208000,5.209000,5.208000,5.209000
2026-08-28T16:34:00Z,2026-08-28T12:34:00-04:00,2026-08-28,^TNX,4.726000,4.728000,4.724000,4.726000
2026-08-28T16:34:00Z,2026-08-28T12:34:00-04:00,2026-08-28,^TYX,5.210000,5.211000,5.210000,5.211000
2026-08-28T16:35:00Z,2026-08-28T12:35:00-04:00,2026-08-28,^TNX,4.728000,4.728000,4.724000,4.724000
2026-08-28T16:35:00Z,2026-08-28T12:35:00-04:00,2026-08-28,^TYX,5.211000,5.211000,5.207000,5.207000
2026-08-28T16:36:00Z,2026-08-28T12:36:00-04:00,2026-08-28,^TNX,4.724000,4.724000,4.724000,4.724000
2026-08-28T16:36:00Z,2026-08-28T12:36:00-04:00,2026-08-28,^TYX,5.208000,5.208000,5.206000,5.206000
2026-08-28T16:37:00Z,2026-08-28T12:37:00-04:00,2026-08-28,^TNX,4.724000,4.724000,4.720000,4.720000
2026-08-28T16:37:00Z,2026-08-28T12:37:00-04:00,2026-08-28,^TYX,5.207000,5.207000,5.201000,5.201000
2026-08-28T16:38:00Z,2026-08-28T12:38:00-04:00,2026-08-28,^TNX,4.722000,4.722000,4.720000,4.722000
2026-08-28T16:38:00Z,2026-08-28T12:38:00-04:00,2026-08-28,^TYX,5.202000,5.204000,5.202000,5.204000
2026-08-28T16:39:00Z,2026-08-28T12:39:00-04:00,2026-08-28,^TNX,4.722000,4.722000,4.720000,4.720000
2026-08-28T16:39:00Z,2026-08-28T12:39:00-04:00,2026-08-28,^TYX,5.204000,5.204000,5.201000,5.201000
2026-08-28T16:40:00Z,2026-08-28T12:40:00-04:00,2026-08-28,^TNX,4.720000,4.724000,4.720000,4.724000
2026-08-28T16:40:00Z,2026-08-28T12:40:00-04:00,2026-08-28,^TYX,5.201000,5.205000,5.201000,5.205000
2026-08-28T16:41:00Z,2026-08-28T12:41:00-04:00,2026-08-28,^TNX,4.724000,4.724000,4.724000,4.724000
2026-08-28T16:41:00Z,2026-08-28T12:41:00-04:00,2026-08-28,^TYX,5.205000,5.205000,5.202000,5.205000
2026-08-28T16:42:00Z,2026-08-28T12:42:00-04:00,2026-08-28,^TNX,4.724000,4.724000,4.724000,4.724000
2026-08-28T16:42:00Z,2026-08-28T12:42:00-04:00,2026-08-28,^TYX,5.205000,5.207000,5.205000,5.206000
2026-08-28T16:43:00Z,2026-08-28T12:43:00-04:00,2026-08-28,^TNX,4.724000,4.724000,4.724000,4.724000
2026-08-28T16:43:00Z,2026-08-28T12:43:00-04:00,2026-08-28,^TYX,5.206000,5.206000,5.206000,5.206000
2026-08-28T16:44:00Z,2026-08-28T12:44:00-04:00,2026-08-28,^TNX,4.724000,4.726000,4.724000,4.726000
2026-08-28T16:44:00Z,2026-08-28T12:44:00-04:00,2026-08-28,^TYX,5.206000,5.208000,5.206000,5.207000
2026-08-28T16:45:00Z,2026-08-28T12:45:00-04:00,2026-08-28,^TNX,4.724000,4.724000,4.724000,4.724000
2026-08-28T16:45:00Z,2026-08-28T12:45:00-04:00,2026-08-28,^TYX,5.207000,5.207000,5.206000,5.206000
2026-08-28T16:46:00Z,2026-08-28T12:46:00-04:00,2026-08-28,^TNX,4.724000,4.724000,4.724000,4.724000
2026-08-28T16:46:00Z,2026-08-28T12:46:00-04:00,2026-08-28,^TYX,5.206000,5.207000,5.205000,5.207000
2026-08-28T16:47:00Z,2026-08-28T12:47:00-04:00,2026-08-28,^TNX,4.724000,4.724000,4.724000,4.724000
2026-08-28T16:47:00Z,2026-08-28T12:47:00-04:00,2026-08-28,^TYX,5.207000,5.207000,5.206000,5.207000
2026-08-28T16:48:00Z,2026-08-28T12:48:00-04:00,2026-08-28,^TNX,4.724000,4.724000,4.724000,4.724000
2026-08-28T16:48:00Z,2026-08-28T12:48:00-04:00,2026-08-28,^TYX,5.207000,5.207000,5.207000,5.207000
2026-08-28T16:49:00Z,2026-08-28T12:49:00-04:00,2026-08-28,^TNX,4.724000,4.724000,4.724000,4.724000
2026-08-28T16:49:00Z,2026-08-28T12:49:00-04:00,2026-08-28,^TYX,5.207000,5.208000,5.207000,5.208000
2026-08-28T16:50:00Z,2026-08-28T12:50:00-04:00,2026-08-28,^TNX,4.724000,4.724000,4.724000,4.724000
2026-08-28T16:50:00Z,2026-08-28T12:50:00-04:00,2026-08-28,^TYX,5.208000,5.209000,5.208000,5.209000
2026-08-28T16:51:00Z,2026-08-28T12:51:00-04:00,2026-08-28,^TNX,4.724000,4.724000,4.724000,4.724000
2026-08-28T16:51:00Z,2026-08-28T12:51:00-04:00,2026-08-28,^TYX,5.209000,5.209000,5.208000,5.208000
2026-08-28T16:52:00Z,2026-08-28T12:52:00-04:00,2026-08-28,^TNX,4.724000,4.724000,4.724000,4.724000
2026-08-28T16:52:00Z,2026-08-28T12:52:00-04:00,2026-08-28,^TYX,5.208000,5.208000,5.207000,5.208000
2026-08-28T16:53:00Z,2026-08-28T12:53:00-04:00,2026-08-28,^TNX,4.724000,4.724000,4.724000,4.724000
2026-08-28T16:53:00Z,2026-08-28T12:53:00-04:00,2026-08-28,^TYX,5.207000,5.207000,5.206000,5.206000
2026-08-28T16:54:00Z,2026-08-28T12:54:00-04:00,2026-08-28,^TNX,4.724000,4.724000,4.722000,4.724000
2026-08-28T16:54:00Z,2026-08-28T12:54:00-04:00,2026-08-28,^TYX,5.206000,5.208000,5.206000,5.208000
2026-08-28T16:55:00Z,2026-08-28T12:55:00-04:00,2026-08-28,^TNX,4.724000,4.726000,4.724000,4.726000
2026-08-28T16:55:00Z,2026-08-28T12:55:00-04:00,2026-08-28,^TYX,5.208000,5.209000,5.208000,5.209000
2026-08-28T16:56:00Z,2026-08-28T12:56:00-04:00,2026-08-28,^TNX,4.726000,4.726000,4.724000,4.726000
2026-08-28T16:56:00Z,2026-08-28T12:56:00-04:00,2026-08-28,^TYX,5.209000,5.210000,5.208000,5.209000
2026-08-28T16:57:00Z,2026-08-28T12:57:00-04:00,2026-08-28,^TNX,4.726000,4.726000,4.724000,4.724000
2026-08-28T16:57:00Z,2026-08-28T12:57:00-04:00,2026-08-28,^TYX,5.208000,5.208000,5.207000,5.207000
2026-08-28T16:58:00Z,2026-08-28T12:58:00-04:00,2026-08-28,^TNX,4.724000,4.726000,4.724000,4.726000
2026-08-28T16:58:00Z,2026-08-28T12:58:00-04:00,2026-08-28,^TYX,5.207000,5.209000,5.207000,5.209000
2026-08-28T16:59:00Z,2026-08-28T12:59:00-04:00,2026-08-28,^TNX,4.726000,4.726000,4.724000,4.726000
2026-08-28T16:59:00Z,2026-08-28T12:59:00-04:00,2026-08-28,^TYX,5.209000,5.209000,5.208000,5.209000
2026-08-28T17:00:00Z,2026-08-28T13:00:00-04:00,2026-08-28,^TNX,4.726000,4.728000,4.726000,4.728000
2026-08-28T17:00:00Z,2026-08-28T13:00:00-04:00,2026-08-28,^TYX,5.209000,5.210000,5.209000,5.210000
2026-08-28T17:01:00Z,2026-08-28T13:01:00-04:00,2026-08-28,^TNX,4.728000,4.728000,4.724000,4.724000
2026-08-28T17:01:00Z,2026-08-28T13:01:00-04:00,2026-08-28,^TYX,5.210000,5.210000,5.210000,5.210000
2026-08-28T17:02:00Z,2026-08-28T13:02:00-04:00,2026-08-28,^TNX,4.724000,4.726000,4.724000,4.724000
2026-08-28T17:02:00Z,2026-08-28T13:02:00-04:00,2026-08-28,^TYX,5.210000,5.210000,5.208000,5.208000
2026-08-28T17:03:00Z,2026-08-28T13:03:00-04:00,2026-08-28,^TNX,4.724000,4.724000,4.724000,4.724000
2026-08-28T17:03:00Z,2026-08-28T13:03:00-04:00,2026-08-28,^TYX,5.209000,5.209000,5.208000,5.209000
2026-08-28T17:04:00Z,2026-08-28T13:04:00-04:00,2026-08-28,^TNX,4.724000,4.724000,4.724000,4.724000
2026-08-28T17:04:00Z,2026-08-28T13:04:00-04:00,2026-08-28,^TYX,5.209000,5.209000,5.208000,5.209000
2026-08-28T17:05:00Z,2026-08-28T13:05:00-04:00,2026-08-28,^TNX,4.724000,4.724000,4.724000,4.724000
2026-08-28T17:05:00Z,2026-08-28T13:05:00-04:00,2026-08-28,^TYX,5.209000,5.209000,5.209000,5.209000
2026-08-28T17:06:00Z,2026-08-28T13:06:00-04:00,2026-08-28,^TNX,4.724000,4.724000,4.724000,4.724000
2026-08-28T17:06:00Z,2026-08-28T13:06:00-04:00,2026-08-28,^TYX,5.209000,5.209000,5.208000,5.209000
2026-08-28T17:07:00Z,2026-08-28T13:07:00-04:00,2026-08-28,^TNX,4.726000,4.728000,4.726000,4.728000
2026-08-28T17:07:00Z,2026-08-28T13:07:00-04:00,2026-08-28,^TYX,5.210000,5.211000,5.210000,5.211000
2026-08-28T17:08:00Z,2026-08-28T13:08:00-04:00,2026-08-28,^TNX,4.726000,4.726000,4.724000,4.726000
2026-08-28T17:08:00Z,2026-08-28T13:08:00-04:00,2026-08-28,^TYX,5.211000,5.211000,5.210000,5.210000
2026-08-28T17:09:00Z,2026-08-28T13:09:00-04:00,2026-08-28,^TNX,4.726000,4.726000,4.726000,4.726000
2026-08-28T17:09:00Z,2026-08-28T13:09:00-04:00,2026-08-28,^TYX,5.210000,5.210000,5.210000,5.210000
2026-08-28T17:10:00Z,2026-08-28T13:10:00-04:00,2026-08-28,^TNX,4.726000,4.726000,4.726000,4.726000
2026-08-28T17:10:00Z,2026-08-28T13:10:00-04:00,2026-08-28,^TYX,5.210000,5.210000,5.210000,5.210000
2026-08-28T17:11:00Z,2026-08-28T13:11:00-04:00,2026-08-28,^TNX,4.726000,4.726000,4.726000,4.726000
2026-08-28T17:11:00Z,2026-08-28T13:11:00-04:00,2026-08-28,^TYX,5.210000,5.211000,5.210000,5.211000
2026-08-28T17:12:00Z,2026-08-28T13:12:00-04:00,2026-08-28,^TNX,4.724000,4.724000,4.724000,4.724000
2026-08-28T17:12:00Z,2026-08-28T13:12:00-04:00,2026-08-28,^TYX,5.210000,5.210000,5.210000,5.210000
2026-08-28T17:13:00Z,2026-08-28T13:13:00-04:00,2026-08-28,^TNX,4.724000,4.724000,4.724000,4.724000
2026-08-28T17:13:00Z,2026-08-28T13:13:00-04:00,2026-08-28,^TYX,5.209000,5.210000,5.209000,5.210000
2026-08-28T17:14:00Z,2026-08-28T13:14:00-04:00,2026-08-28,^TNX,4.724000,4.724000,4.722000,4.722000
2026-08-28T17:14:00Z,2026-08-28T13:14:00-04:00,2026-08-28,^TYX,5.210000,5.210000,5.205000,5.205000
2026-08-28T17:15:00Z,2026-08-28T13:15:00-04:00,2026-08-28,^TNX,4.722000,4.724000,4.720000,4.722000
2026-08-28T17:15:00Z,2026-08-28T13:15:00-04:00,2026-08-28,^TYX,5.205000,5.206000,5.204000,5.206000
2026-08-28T17:16:00Z,2026-08-28T13:16:00-04:00,2026-08-28,^TNX,4.722000,4.724000,4.722000,4.724000
2026-08-28T17:16:00Z,2026-08-28T13:16:00-04:00,2026-08-28,^TYX,5.206000,5.206000,5.206000,5.206000
2026-08-28T17:17:00Z,2026-08-28T13:17:00-04:00,2026-08-28,^TNX,4.724000,4.724000,4.724000,4.724000
2026-08-28T17:17:00Z,2026-08-28T13:17:00-04:00,2026-08-28,^TYX,5.206000,5.207000,5.206000,5.207000
2026-08-28T17:18:00Z,2026-08-28T13:18:00-04:00,2026-08-28,^TNX,4.724000,4.726000,4.724000,4.726000
2026-08-28T17:18:00Z,2026-08-28T13:18:00-04:00,2026-08-28,^TYX,5.207000,5.209000,5.207000,5.209000
2026-08-28T17:19:00Z,2026-08-28T13:19:00-04:00,2026-08-28,^TNX,4.726000,4.726000,4.724000,4.724000
2026-08-28T17:19:00Z,2026-08-28T13:19:00-04:00,2026-08-28,^TYX,5.208000,5.209000,5.208000,5.209000
2026-08-28T17:20:00Z,2026-08-28T13:20:00-04:00,2026-08-28,^TNX,4.726000,4.726000,4.724000,4.724000
2026-08-28T17:20:00Z,2026-08-28T13:20:00-04:00,2026-08-28,^TYX,5.209000,5.209000,5.208000,5.208000
2026-08-28T17:21:00Z,2026-08-28T13:21:00-04:00,2026-08-28,^TNX,4.724000,4.726000,4.724000,4.724000
2026-08-28T17:21:00Z,2026-08-28T13:21:00-04:00,2026-08-28,^TYX,5.208000,5.209000,5.208000,5.208000
2026-08-28T17:22:00Z,2026-08-28T13:22:00-04:00,2026-08-28,^TNX,4.724000,4.726000,4.724000,4.726000
2026-08-28T17:22:00Z,2026-08-28T13:22:00-04:00,2026-08-28,^TYX,5.209000,5.209000,5.209000,5.209000
2026-08-28T17:23:00Z,2026-08-28T13:23:00-04:00,2026-08-28,^TNX,4.726000,4.726000,4.724000,4.726000
2026-08-28T17:23:00Z,2026-08-28T13:23:00-04:00,2026-08-28,^TYX,5.209000,5.209000,5.208000,5.209000
2026-08-28T17:24:00Z,2026-08-28T13:24:00-04:00,2026-08-28,^TNX,4.726000,4.726000,4.726000,4.726000
2026-08-28T17:24:00Z,2026-08-28T13:24:00-04:00,2026-08-28,^TYX,5.209000,5.210000,5.208000,5.208000
2026-08-28T17:25:00Z,2026-08-28T13:25:00-04:00,2026-08-28,^TNX,4.726000,4.728000,4.726000,4.726000
2026-08-28T17:25:00Z,2026-08-28T13:25:00-04:00,2026-08-28,^TYX,5.209000,5.210000,5.209000,5.210000
2026-08-28T17:26:00Z,2026-08-28T13:26:00-04:00,2026-08-28,^TNX,4.728000,4.728000,4.726000,4.726000
2026-08-28T17:26:00Z,2026-08-28T13:26:00-04:00,2026-08-28,^TYX,5.210000,5.210000,5.209000,5.210000
2026-08-28T17:27:00Z,2026-08-28T13:27:00-04:00,2026-08-28,^TNX,4.726000,4.728000,4.726000,4.728000
2026-08-28T17:27:00Z,2026-08-28T13:27:00-04:00,2026-08-28,^TYX,5.209000,5.210000,5.209000,5.210000
2026-08-28T17:28:00Z,2026-08-28T13:28:00-04:00,2026-08-28,^TNX,4.728000,4.728000,4.726000,4.726000
2026-08-28T17:28:00Z,2026-08-28T13:28:00-04:00,2026-08-28,^TYX,5.210000,5.210000,5.209000,5.209000
2026-08-28T17:29:00Z,2026-08-28T13:29:00-04:00,2026-08-28,^TNX,4.726000,4.728000,4.726000,4.728000
2026-08-28T17:29:00Z,2026-08-28T13:29:00-04:00,2026-08-28,^TYX,5.208000,5.210000,5.208000,5.210000
2026-08-28T17:30:00Z,2026-08-28T13:30:00-04:00,2026-08-28,^TNX,4.728000,4.728000,4.728000,4.728000
2026-08-28T17:30:00Z,2026-08-28T13:30:00-04:00,2026-08-28,^TYX,5.210000,5.211000,5.210000,5.211000
2026-08-28T17:31:00Z,2026-08-28T13:31:00-04:00,2026-08-28,^TNX,4.728000,4.728000,4.728000,4.728000
2026-08-28T17:31:00Z,2026-08-28T13:31:00-04:00,2026-08-28,^TYX,5.211000,5.211000,5.210000,5.210000
2026-08-28T17:32:00Z,2026-08-28T13:32:00-04:00,2026-08-28,^TNX,4.728000,4.728000,4.728000,4.728000
2026-08-28T17:32:00Z,2026-08-28T13:32:00-04:00,2026-08-28,^TYX,5.210000,5.210000,5.208000,5.208000
2026-08-28T17:33:00Z,2026-08-28T13:33:00-04:00,2026-08-28,^TNX,4.728000,4.728000,4.728000,4.728000
2026-08-28T17:33:00Z,2026-08-28T13:33:00-04:00,2026-08-28,^TYX,5.208000,5.208000,5.207000,5.208000
2026-08-28T17:34:00Z,2026-08-28T13:34:00-04:00,2026-08-28,^TNX,4.728000,4.728000,4.728000,4.728000
2026-08-28T17:34:00Z,2026-08-28T13:34:00-04:00,2026-08-28,^TYX,5.207000,5.207000,5.207000,5.207000
2026-08-28T17:35:00Z,2026-08-28T13:35:00-04:00,2026-08-28,^TNX,4.728000,4.728000,4.728000,4.728000
2026-08-28T17:35:00Z,2026-08-28T13:35:00-04:00,2026-08-28,^TYX,5.207000,5.208000,5.207000,5.208000
2026-08-28T17:36:00Z,2026-08-28T13:36:00-04:00,2026-08-28,^TNX,4.728000,4.728000,4.724000,4.724000
2026-08-28T17:36:00Z,2026-08-28T13:36:00-04:00,2026-08-28,^TYX,5.208000,5.208000,5.208000,5.208000
2026-08-28T17:37:00Z,2026-08-28T13:37:00-04:00,2026-08-28,^TNX,4.724000,4.724000,4.724000,4.724000
2026-08-28T17:37:00Z,2026-08-28T13:37:00-04:00,2026-08-28,^TYX,5.208000,5.208000,5.207000,5.207000
2026-08-28T17:38:00Z,2026-08-28T13:38:00-04:00,2026-08-28,^TNX,4.724000,4.724000,4.724000,4.724000
2026-08-28T17:38:00Z,2026-08-28T13:38:00-04:00,2026-08-28,^TYX,5.208000,5.208000,5.207000,5.207000
2026-08-28T17:39:00Z,2026-08-28T13:39:00-04:00,2026-08-28,^TNX,4.724000,4.726000,4.724000,4.726000
2026-08-28T17:39:00Z,2026-08-28T13:39:00-04:00,2026-08-28,^TYX,5.207000,5.207000,5.207000,5.207000
2026-08-28T17:40:00Z,2026-08-28T13:40:00-04:00,2026-08-28,^TNX,4.726000,4.728000,4.726000,4.728000
2026-08-28T17:40:00Z,2026-08-28T13:40:00-04:00,2026-08-28,^TYX,5.207000,5.209000,5.206000,5.209000
2026-08-28T17:41:00Z,2026-08-28T13:41:00-04:00,2026-08-28,^TNX,4.728000,4.728000,4.728000,4.728000
2026-08-28T17:41:00Z,2026-08-28T13:41:00-04:00,2026-08-28,^TYX,5.209000,5.209000,5.209000,5.209000
2026-08-28T17:42:00Z,2026-08-28T13:42:00-04:00,2026-08-28,^TNX,4.728000,4.728000,4.728000,4.728000
2026-08-28T17:42:00Z,2026-08-28T13:42:00-04:00,2026-08-28,^TYX,5.209000,5.209000,5.209000,5.209000
2026-08-28T17:43:00Z,2026-08-28T13:43:00-04:00,2026-08-28,^TNX,4.728000,4.728000,4.728000,4.728000
2026-08-28T17:43:00Z,2026-08-28T13:43:00-04:00,2026-08-28,^TYX,5.208000,5.208000,5.206000,5.206000
2026-08-28T17:44:00Z,2026-08-28T13:44:00-04:00,2026-08-28,^TNX,4.728000,4.728000,4.728000,4.728000
2026-08-28T17:44:00Z,2026-08-28T13:44:00-04:00,2026-08-28,^TYX,5.206000,5.207000,5.206000,5.207000
2026-08-28T17:45:00Z,2026-08-28T13:45:00-04:00,2026-08-28,^TNX,4.728000,4.728000,4.728000,4.728000
2026-08-28T17:45:00Z,2026-08-28T13:45:00-04:00,2026-08-28,^TYX,5.207000,5.207000,5.207000,5.207000
2026-08-28T17:46:00Z,2026-08-28T13:46:00-04:00,2026-08-28,^TNX,4.728000,4.728000,4.728000,4.728000
2026-08-28T17:46:00Z,2026-08-28T13:46:00-04:00,2026-08-28,^TYX,5.207000,5.207000,5.206000,5.206000
2026-08-28T17:47:00Z,2026-08-28T13:47:00-04:00,2026-08-28,^TNX,4.728000,4.728000,4.728000,4.728000
2026-08-28T17:47:00Z,2026-08-28T13:47:00-04:00,2026-08-28,^TYX,5.207000,5.208000,5.207000,5.208000
2026-08-28T17:48:00Z,2026-08-28T13:48:00-04:00,2026-08-28,^TNX,4.728000,4.728000,4.728000,4.728000
2026-08-28T17:48:00Z,2026-08-28T13:48:00-04:00,2026-08-28,^TYX,5.208000,5.210000,5.208000,5.209000
2026-08-28T17:49:00Z,2026-08-28T13:49:00-04:00,2026-08-28,^TNX,4.728000,4.728000,4.726000,4.728000
2026-08-28T17:49:00Z,2026-08-28T13:49:00-04:00,2026-08-28,^TYX,5.209000,5.209000,5.208000,5.208000
2026-08-28T17:50:00Z,2026-08-28T13:50:00-04:00,2026-08-28,^TNX,4.728000,4.728000,4.728000,4.728000
2026-08-28T17:50:00Z,2026-08-28T13:50:00-04:00,2026-08-28,^TYX,5.209000,5.210000,5.209000,5.210000
2026-08-28T17:51:00Z,2026-08-28T13:51:00-04:00,2026-08-28,^TNX,4.728000,4.728000,4.728000,4.728000
2026-08-28T17:51:00Z,2026-08-28T13:51:00-04:00,2026-08-28,^TYX,5.210000,5.210000,5.208000,5.208000
2026-08-28T17:52:00Z,2026-08-28T13:52:00-04:00,2026-08-28,^TNX,4.728000,4.728000,4.728000,4.728000
2026-08-28T17:52:00Z,2026-08-28T13:52:00-04:00,2026-08-28,^TYX,5.208000,5.208000,5.206000,5.208000
2026-08-28T17:53:00Z,2026-08-28T13:53:00-04:00,2026-08-28,^TNX,4.726000,4.728000,4.726000,4.728000
2026-08-28T17:53:00Z,2026-08-28T13:53:00-04:00,2026-08-28,^TYX,5.207000,5.207000,5.206000,5.207000
2026-08-28T17:54:00Z,2026-08-28T13:54:00-04:00,2026-08-28,^TNX,4.728000,4.728000,4.728000,4.728000
2026-08-28T17:54:00Z,2026-08-28T13:54:00-04:00,2026-08-28,^TYX,5.207000,5.207000,5.207000,5.207000
2026-08-28T17:55:00Z,2026-08-28T13:55:00-04:00,2026-08-28,^TNX,4.728000,4.728000,4.728000,4.728000
2026-08-28T17:55:00Z,2026-08-28T13:55:00-04:00,2026-08-28,^TYX,5.207000,5.208000,5.207000,5.208000
2026-08-28T17:56:00Z,2026-08-28T13:56:00-04:00,2026-08-28,^TNX,4.726000,4.728000,4.726000,4.728000
2026-08-28T17:56:00Z,2026-08-28T13:56:00-04:00,2026-08-28,^TYX,5.207000,5.208000,5.207000,5.207000
2026-08-28T17:57:00Z,2026-08-28T13:57:00-04:00,2026-08-28,^TNX,4.728000,4.728000,4.728000,4.728000
2026-08-28T17:57:00Z,2026-08-28T13:57:00-04:00,2026-08-28,^TYX,5.207000,5.207000,5.207000,5.207000
2026-08-28T17:58:00Z,2026-08-28T13:58:00-04:00,2026-08-28,^TNX,4.728000,4.728000,4.728000,4.728000
2026-08-28T17:58:00Z,2026-08-28T13:58:00-04:00,2026-08-28,^TYX,5.207000,5.208000,5.207000,5.207000
2026-08-28T17:59:00Z,2026-08-28T13:59:00-04:00,2026-08-28,^TNX,4.728000,4.728000,4.728000,4.728000
2026-08-28T17:59:00Z,2026-08-28T13:59:00-04:00,2026-08-28,^TYX,5.207000,5.207000,5.207000,5.207000
2026-08-28T18:00:00Z,2026-08-28T14:00:00-04:00,2026-08-28,^TNX,4.728000,4.728000,4.728000,4.728000
2026-08-28T18:00:00Z,2026-08-28T14:00:00-04:00,2026-08-28,^TYX,5.207000,5.207000,5.207000,5.207000
2026-08-28T18:01:00Z,2026-08-28T14:01:00-04:00,2026-08-28,^TNX,4.728000,4.728000,4.728000,4.728000
2026-08-28T18:01:00Z,2026-08-28T14:01:00-04:00,2026-08-28,^TYX,5.207000,5.207000,5.207000,5.207000
2026-08-28T18:02:00Z,2026-08-28T14:02:00-04:00,2026-08-28,^TNX,4.728000,4.728000,4.728000,4.728000
2026-08-28T18:02:00Z,2026-08-28T14:02:00-04:00,2026-08-28,^TYX,5.207000,5.207000,5.207000,5.207000
2026-08-28T18:03:00Z,2026-08-28T14:03:00-04:00,2026-08-28,^TNX,4.728000,4.728000,4.728000,4.728000
2026-08-28T18:03:00Z,2026-08-28T14:03:00-04:00,2026-08-28,^TYX,5.207000,5.207000,5.207000,5.207000
2026-08-28T18:04:00Z,2026-08-28T14:04:00-04:00,2026-08-28,^TNX,4.728000,4.728000,4.728000,4.728000
2026-08-28T18:04:00Z,2026-08-28T14:04:00-04:00,2026-08-28,^TYX,5.208000,5.208000,5.207000,5.208000
2026-08-28T18:05:00Z,2026-08-28T14:05:00-04:00,2026-08-28,^TNX,4.728000,4.728000,4.726000,4.728000
2026-08-28T18:05:00Z,2026-08-28T14:05:00-04:00,2026-08-28,^TYX,5.208000,5.208000,5.205000,5.206000
2026-08-28T18:06:00Z,2026-08-28T14:06:00-04:00,2026-08-28,^TNX,4.728000,4.728000,4.728000,4.728000
2026-08-28T18:06:00Z,2026-08-28T14:06:00-04:00,2026-08-28,^TYX,5.207000,5.207000,5.207000,5.207000
2026-08-28T18:07:00Z,2026-08-28T14:07:00-04:00,2026-08-28,^TNX,4.728000,4.728000,4.728000,4.728000
2026-08-28T18:07:00Z,2026-08-28T14:07:00-04:00,2026-08-28,^TYX,5.207000,5.208000,5.207000,5.207000
2026-08-28T18:08:00Z,2026-08-28T14:08:00-04:00,2026-08-28,^TNX,4.728000,4.728000,4.728000,4.728000
2026-08-28T18:08:00Z,2026-08-28T14:08:00-04:00,2026-08-28,^TYX,5.208000,5.208000,5.208000,5.208000
2026-08-28T18:09:00Z,2026-08-28T14:09:00-04:00,2026-08-28,^TNX,4.728000,4.728000,4.724000,4.724000
2026-08-28T18:09:00Z,2026-08-28T14:09:00-04:00,2026-08-28,^TYX,5.208000,5.208000,5.206000,5.207000
2026-08-28T18:10:00Z,2026-08-28T14:10:00-04:00,2026-08-28,^TNX,4.726000,4.726000,4.726000,4.726000
2026-08-28T18:10:00Z,2026-08-28T14:10:00-04:00,2026-08-28,^TYX,5.207000,5.207000,5.207000,5.207000
2026-08-28T18:11:00Z,2026-08-28T14:11:00-04:00,2026-08-28,^TNX,4.726000,4.728000,4.726000,4.726000
2026-08-28T18:11:00Z,2026-08-28T14:11:00-04:00,2026-08-28,^TYX,5.207000,5.207000,5.207000,5.207000
2026-08-28T18:12:00Z,2026-08-28T14:12:00-04:00,2026-08-28,^TNX,4.728000,4.728000,4.726000,4.726000
2026-08-28T18:12:00Z,2026-08-28T14:12:00-04:00,2026-08-28,^TYX,5.208000,5.208000,5.207000,5.207000
2026-08-28T18:13:00Z,2026-08-28T14:13:00-04:00,2026-08-28,^TNX,4.726000,4.728000,4.726000,4.726000
2026-08-28T18:13:00Z,2026-08-28T14:13:00-04:00,2026-08-28,^TYX,5.207000,5.207000,5.207000,5.207000
2026-08-28T18:14:00Z,2026-08-28T14:14:00-04:00,2026-08-28,^TNX,4.726000,4.726000,4.726000,4.726000
2026-08-28T18:14:00Z,2026-08-28T14:14:00-04:00,2026-08-28,^TYX,5.207000,5.207000,5.207000,5.207000
2026-08-28T18:15:00Z,2026-08-28T14:15:00-04:00,2026-08-28,^TNX,4.726000,4.726000,4.726000,4.726000
2026-08-28T18:15:00Z,2026-08-28T14:15:00-04:00,2026-08-28,^TYX,5.207000,5.207000,5.207000,5.207000
2026-08-28T18:16:00Z,2026-08-28T14:16:00-04:00,2026-08-28,^TNX,4.726000,4.726000,4.724000,4.724000
2026-08-28T18:16:00Z,2026-08-28T14:16:00-04:00,2026-08-28,^TYX,5.207000,5.207000,5.206000,5.206000
2026-08-28T18:17:00Z,2026-08-28T14:17:00-04:00,2026-08-28,^TNX,4.726000,4.728000,4.726000,4.728000
2026-08-28T18:17:00Z,2026-08-28T14:17:00-04:00,2026-08-28,^TYX,5.207000,5.208000,5.207000,5.208000
2026-08-28T18:18:00Z,2026-08-28T14:18:00-04:00,2026-08-28,^TNX,4.728000,4.728000,4.728000,4.728000
2026-08-28T18:18:00Z,2026-08-28T14:18:00-04:00,2026-08-28,^TYX,5.208000,5.208000,5.208000,5.208000
2026-08-28T18:19:00Z,2026-08-28T14:19:00-04:00,2026-08-28,^TNX,4.728000,4.728000,4.728000,4.728000
2026-08-28T18:19:00Z,2026-08-28T14:19:00-04:00,2026-08-28,^TYX,5.208000,5.208000,5.208000,5.208000
2026-08-28T18:20:00Z,2026-08-28T14:20:00-04:00,2026-08-28,^TNX,4.728000,4.728000,4.728000,4.728000
2026-08-28T18:20:00Z,2026-08-28T14:20:00-04:00,2026-08-28,^TYX,5.208000,5.209000,5.208000,5.209000
2026-08-28T18:21:00Z,2026-08-28T14:21:00-04:00,2026-08-28,^TNX,4.728000,4.728000,4.728000,4.728000
2026-08-28T18:21:00Z,2026-08-28T14:21:00-04:00,2026-08-28,^TYX,5.208000,5.210000,5.208000,5.209000
2026-08-28T18:22:00Z,2026-08-28T14:22:00-04:00,2026-08-28,^TNX,4.726000,4.726000,4.724000,4.724000
2026-08-28T18:22:00Z,2026-08-28T14:22:00-04:00,2026-08-28,^TYX,5.208000,5.208000,5.208000,5.208000
2026-08-28T18:23:00Z,2026-08-28T14:23:00-04:00,2026-08-28,^TNX,4.724000,4.728000,4.724000,4.728000
2026-08-28T18:23:00Z,2026-08-28T14:23:00-04:00,2026-08-28,^TYX,5.208000,5.210000,5.208000,5.210000
2026-08-28T18:24:00Z,2026-08-28T14:24:00-04:00,2026-08-28,^TNX,4.726000,4.728000,4.726000,4.726000
2026-08-28T18:24:00Z,2026-08-28T14:24:00-04:00,2026-08-28,^TYX,5.209000,5.210000,5.208000,5.208000
2026-08-28T18:25:00Z,2026-08-28T14:25:00-04:00,2026-08-28,^TNX,4.726000,4.726000,4.726000,4.726000
2026-08-28T18:25:00Z,2026-08-28T14:25:00-04:00,2026-08-28,^TYX,5.209000,5.210000,5.209000,5.210000
2026-08-28T18:26:00Z,2026-08-28T14:26:00-04:00,2026-08-28,^TNX,4.728000,4.728000,4.724000,4.724000
2026-08-28T18:26:00Z,2026-08-28T14:26:00-04:00,2026-08-28,^TYX,5.210000,5.210000,5.209000,5.209000
2026-08-28T18:27:00Z,2026-08-28T14:27:00-04:00,2026-08-28,^TNX,4.724000,4.726000,4.724000,4.726000
2026-08-28T18:27:00Z,2026-08-28T14:27:00-04:00,2026-08-28,^TYX,5.208000,5.210000,5.208000,5.210000
2026-08-28T18:28:00Z,2026-08-28T14:28:00-04:00,2026-08-28,^TNX,4.726000,4.728000,4.726000,4.728000
2026-08-28T18:28:00Z,2026-08-28T14:28:00-04:00,2026-08-28,^TYX,5.210000,5.210000,5.210000,5.210000
2026-08-28T18:29:00Z,2026-08-28T14:29:00-04:00,2026-08-28,^TNX,4.728000,4.728000,4.728000,4.728000
2026-08-28T18:29:00Z,2026-08-28T14:29:00-04:00,2026-08-28,^TYX,5.211000,5.211000,5.211000,5.211000
2026-08-28T18:30:00Z,2026-08-28T14:30:00-04:00,2026-08-28,^TNX,4.728000,4.728000,4.728000,4.728000
2026-08-28T18:30:00Z,2026-08-28T14:30:00-04:00,2026-08-28,^TYX,5.211000,5.211000,5.211000,5.211000
2026-08-28T18:31:00Z,2026-08-28T14:31:00-04:00,2026-08-28,^TNX,4.728000,4.728000,4.728000,4.728000
2026-08-28T18:31:00Z,2026-08-28T14:31:00-04:00,2026-08-28,^TYX,5.211000,5.212000,5.211000,5.212000
2026-08-28T18:32:00Z,2026-08-28T14:32:00-04:00,2026-08-28,^TNX,4.728000,4.730000,4.728000,4.728000
2026-08-28T18:32:00Z,2026-08-28T14:32:00-04:00,2026-08-28,^TYX,5.212000,5.214000,5.212000,5.213000
2026-08-28T18:33:00Z,2026-08-28T14:33:00-04:00,2026-08-28,^TNX,4.728000,4.728000,4.728000,4.728000
2026-08-28T18:33:00Z,2026-08-28T14:33:00-04:00,2026-08-28,^TYX,5.213000,5.213000,5.212000,5.212000
2026-08-28T18:34:00Z,2026-08-28T14:34:00-04:00,2026-08-28,^TNX,4.728000,4.728000,4.728000,4.728000
2026-08-28T18:34:00Z,2026-08-28T14:34:00-04:00,2026-08-28,^TYX,5.212000,5.212000,5.212000,5.212000
2026-08-28T18:35:00Z,2026-08-28T14:35:00-04:00,2026-08-28,^TNX,4.728000,4.728000,4.726000,4.726000
2026-08-28T18:35:00Z,2026-08-28T14:35:00-04:00,2026-08-28,^TYX,5.211000,5.212000,5.210000,5.210000
2026-08-28T18:36:00Z,2026-08-28T14:36:00-04:00,2026-08-28,^TNX,4.726000,4.728000,4.726000,4.728000
2026-08-28T18:36:00Z,2026-08-28T14:36:00-04:00,2026-08-28,^TYX,5.210000,5.211000,5.210000,5.211000
2026-08-28T18:37:00Z,2026-08-28T14:37:00-04:00,2026-08-28,^TNX,4.728000,4.728000,4.726000,4.728000
2026-08-28T18:37:00Z,2026-08-28T14:37:00-04:00,2026-08-28,^TYX,5.211000,5.212000,5.210000,5.212000
2026-08-28T18:38:00Z,2026-08-28T14:38:00-04:00,2026-08-28,^TNX,4.728000,4.728000,4.728000,4.728000
2026-08-28T18:38:00Z,2026-08-28T14:38:00-04:00,2026-08-28,^TYX,5.212000,5.213000,5.212000,5.212000
2026-08-28T18:39:00Z,2026-08-28T14:39:00-04:00,2026-08-28,^TNX,4.728000,4.728000,4.728000,4.728000
2026-08-28T18:39:00Z,2026-08-28T14:39:00-04:00,2026-08-28,^TYX,5.212000,5.212000,5.211000,5.212000
2026-08-28T18:40:00Z,2026-08-28T14:40:00-04:00,2026-08-28,^TNX,4.728000,4.730000,4.728000,4.728000
2026-08-28T18:40:00Z,2026-08-28T14:40:00-04:00,2026-08-28,^TYX,5.213000,5.213000,5.212000,5.212000
2026-08-28T18:41:00Z,2026-08-28T14:41:00-04:00,2026-08-28,^TNX,4.728000,4.728000,4.728000,4.728000
2026-08-28T18:41:00Z,2026-08-28T14:41:00-04:00,2026-08-28,^TYX,5.213000,5.214000,5.213000,5.214000
2026-08-28T18:42:00Z,2026-08-28T14:42:00-04:00,2026-08-28,^TNX,4.728000,4.728000,4.728000,4.728000
2026-08-28T18:42:00Z,2026-08-28T14:42:00-04:00,2026-08-28,^TYX,5.214000,5.214000,5.214000,5.214000
2026-08-28T18:43:00Z,2026-08-28T14:43:00-04:00,2026-08-28,^TNX,4.728000,4.728000,4.728000,4.728000
2026-08-28T18:43:00Z,2026-08-28T14:43:00-04:00,2026-08-28,^TYX,5.214000,5.214000,5.213000,5.213000
2026-08-28T18:44:00Z,2026-08-28T14:44:00-04:00,2026-08-28,^TNX,4.728000,4.728000,4.726000,4.726000
2026-08-28T18:44:00Z,2026-08-28T14:44:00-04:00,2026-08-28,^TYX,5.213000,5.213000,5.212000,5.212000
2026-08-28T18:45:00Z,2026-08-28T14:45:00-04:00,2026-08-28,^TNX,4.726000,4.726000,4.724000,4.724000
2026-08-28T18:45:00Z,2026-08-28T14:45:00-04:00,2026-08-28,^TYX,5.212000,5.212000,5.211000,5.211000
2026-08-28T18:46:00Z,2026-08-28T14:46:00-04:00,2026-08-28,^TNX,4.724000,4.726000,4.724000,4.726000
2026-08-28T18:46:00Z,2026-08-28T14:46:00-04:00,2026-08-28,^TYX,5.211000,5.211000,5.211000,5.211000
2026-08-28T18:47:00Z,2026-08-28T14:47:00-04:00,2026-08-28,^TNX,4.726000,4.726000,4.726000,4.726000
2026-08-28T18:47:00Z,2026-08-28T14:47:00-04:00,2026-08-28,^TYX,5.211000,5.212000,5.211000,5.212000
2026-08-28T18:48:00Z,2026-08-28T14:48:00-04:00,2026-08-28,^TNX,4.728000,4.728000,4.728000,4.728000
2026-08-28T18:48:00Z,2026-08-28T14:48:00-04:00,2026-08-28,^TYX,5.212000,5.213000,5.212000,5.213000
2026-08-28T18:49:00Z,2026-08-28T14:49:00-04:00,2026-08-28,^TNX,4.728000,4.728000,4.728000,4.728000
2026-08-28T18:49:00Z,2026-08-28T14:49:00-04:00,2026-08-28,^TYX,5.213000,5.213000,5.213000,5.213000
2026-08-28T18:50:00Z,2026-08-28T14:50:00-04:00,2026-08-28,^TNX,4.728000,4.728000,4.728000,4.728000
2026-08-28T18:50:00Z,2026-08-28T14:50:00-04:00,2026-08-28,^TYX,5.213000,5.213000,5.213000,5.213000
2026-08-28T18:51:00Z,2026-08-28T14:51:00-04:00,2026-08-28,^TNX,4.728000,4.728000,4.728000,4.728000
2026-08-28T18:51:00Z,2026-08-28T14:51:00-04:00,2026-08-28,^TYX,5.213000,5.213000,5.213000,5.213000
2026-08-28T18:52:00Z,2026-08-28T14:52:00-04:00,2026-08-28,^TNX,4.728000,4.728000,4.728000,4.728000
2026-08-28T18:52:00Z,2026-08-28T14:52:00-04:00,2026-08-28,^TYX,5.213000,5.214000,5.213000,5.213000
2026-08-28T18:53:00Z,2026-08-28T14:53:00-04:00,2026-08-28,^TNX,4.728000,4.728000,4.728000,4.728000
2026-08-28T18:53:00Z,2026-08-28T14:53:00-04:00,2026-08-28,^TYX,5.213000,5.213000,5.213000,5.213000
2026-08-28T18:54:00Z,2026-08-28T14:54:00-04:00,2026-08-28,^TNX,4.728000,4.728000,4.728000,4.728000
2026-08-28T18:54:00Z,2026-08-28T14:54:00-04:00,2026-08-28,^TYX,5.213000,5.213000,5.213000,5.213000
2026-08-28T18:55:00Z,2026-08-28T14:55:00-04:00,2026-08-28,^TNX,4.728000,4.728000,4.728000,4.728000
2026-08-28T18:55:00Z,2026-08-28T14:55:00-04:00,2026-08-28,^TYX,5.213000,5.213000,5.212000,5.213000
2026-08-28T18:56:00Z,2026-08-28T14:56:00-04:00,2026-08-28,^TNX,4.728000,4.728000,4.728000,4.728000
2026-08-28T18:56:00Z,2026-08-28T14:56:00-04:00,2026-08-28,^TYX,5.213000,5.213000,5.211000,5.211000
2026-08-28T18:57:00Z,2026-08-28T14:57:00-04:00,2026-08-28,^TNX,4.726000,4.726000,4.726000,4.726000
2026-08-28T18:57:00Z,2026-08-28T14:57:00-04:00,2026-08-28,^TYX,5.211000,5.211000,5.210000,5.210000
2026-08-28T18:58:00Z,2026-08-28T14:58:00-04:00,2026-08-28,^TNX,4.726000,4.726000,4.724000,4.724000
2026-08-28T18:58:00Z,2026-08-28T14:58:00-04:00,2026-08-28,^TYX,5.211000,5.211000,5.210000,5.210000
2026-08-28T18:59:00Z,2026-08-28T14:59:00-04:00,2026-08-28,^TNX,4.724000,4.724000,4.720000,4.720000
2026-08-28T18:59:00Z,2026-08-28T14:59:00-04:00,2026-08-28,^TYX,5.210000,5.210000,5.206000,5.206000
2026-08-31T12:20:00Z,2026-08-31T08:20:00-04:00,2026-08-31,^TNX,4.728000,4.728000,4.726000,4.728000
2026-08-31T12:20:00Z,2026-08-31T08:20:00-04:00,2026-08-31,^TYX,5.226000,5.226000,5.223000,5.226000
2026-08-31T12:21:00Z,2026-08-31T08:21:00-04:00,2026-08-31,^TNX,4.728000,4.732000,4.728000,4.732000
2026-08-31T12:21:00Z,2026-08-31T08:21:00-04:00,2026-08-31,^TYX,5.226000,5.229000,5.226000,5.229000
2026-08-31T12:22:00Z,2026-08-31T08:22:00-04:00,2026-08-31,^TNX,4.732000,4.732000,4.730000,4.732000
2026-08-31T12:22:00Z,2026-08-31T08:22:00-04:00,2026-08-31,^TYX,5.229000,5.229000,5.228000,5.228000
2026-08-31T12:23:00Z,2026-08-31T08:23:00-04:00,2026-08-31,^TNX,4.732000,4.732000,4.732000,4.732000
2026-08-31T12:23:00Z,2026-08-31T08:23:00-04:00,2026-08-31,^TYX,5.229000,5.230000,5.229000,5.230000
2026-08-31T12:24:00Z,2026-08-31T08:24:00-04:00,2026-08-31,^TNX,4.732000,4.732000,4.732000,4.732000
2026-08-31T12:24:00Z,2026-08-31T08:24:00-04:00,2026-08-31,^TYX,5.231000,5.231000,5.230000,5.230000
2026-08-31T12:25:00Z,2026-08-31T08:25:00-04:00,2026-08-31,^TNX,4.732000,4.736000,4.732000,4.736000
2026-08-31T12:25:00Z,2026-08-31T08:25:00-04:00,2026-08-31,^TYX,5.230000,5.234000,5.230000,5.233000
2026-08-31T12:26:00Z,2026-08-31T08:26:00-04:00,2026-08-31,^TNX,4.736000,4.736000,4.736000,4.736000
2026-08-31T12:26:00Z,2026-08-31T08:26:00-04:00,2026-08-31,^TYX,5.234000,5.235000,5.233000,5.234000
2026-08-31T12:27:00Z,2026-08-31T08:27:00-04:00,2026-08-31,^TNX,4.736000,4.736000,4.734000,4.734000
2026-08-31T12:27:00Z,2026-08-31T08:27:00-04:00,2026-08-31,^TYX,5.233000,5.233000,5.232000,5.232000
2026-08-31T12:28:00Z,2026-08-31T08:28:00-04:00,2026-08-31,^TNX,4.734000,4.736000,4.734000,4.736000
2026-08-31T12:28:00Z,2026-08-31T08:28:00-04:00,2026-08-31,^TYX,5.231000,5.232000,5.231000,5.232000
2026-08-31T12:29:00Z,2026-08-31T08:29:00-04:00,2026-08-31,^TNX,4.736000,4.736000,4.736000,4.736000
2026-08-31T12:29:00Z,2026-08-31T08:29:00-04:00,2026-08-31,^TYX,5.231000,5.233000,5.231000,5.233000
2026-08-31T12:30:00Z,2026-08-31T08:30:00-04:00,2026-08-31,^TNX,4.738000,4.742000,4.738000,4.740000
2026-08-31T12:30:00Z,2026-08-31T08:30:00-04:00,2026-08-31,^TYX,5.233000,5.236000,5.233000,5.236000
2026-08-31T12:31:00Z,2026-08-31T08:31:00-04:00,2026-08-31,^TNX,4.740000,4.744000,4.740000,4.744000
2026-08-31T12:31:00Z,2026-08-31T08:31:00-04:00,2026-08-31,^TYX,5.236000,5.239000,5.236000,5.239000
2026-08-31T12:32:00Z,2026-08-31T08:32:00-04:00,2026-08-31,^TNX,4.742000,4.742000,4.740000,4.742000
2026-08-31T12:32:00Z,2026-08-31T08:32:00-04:00,2026-08-31,^TYX,5.238000,5.238000,5.237000,5.237000
2026-08-31T12:33:00Z,2026-08-31T08:33:00-04:00,2026-08-31,^TNX,4.742000,4.744000,4.742000,4.744000
2026-08-31T12:33:00Z,2026-08-31T08:33:00-04:00,2026-08-31,^TYX,5.238000,5.239000,5.238000,5.239000
2026-08-31T12:34:00Z,2026-08-31T08:34:00-04:00,2026-08-31,^TNX,4.742000,4.744000,4.742000,4.742000
2026-08-31T12:34:00Z,2026-08-31T08:34:00-04:00,2026-08-31,^TYX,5.238000,5.239000,5.238000,5.238000
2026-08-31T12:35:00Z,2026-08-31T08:35:00-04:00,2026-08-31,^TNX,4.742000,4.744000,4.740000,4.742000
2026-08-31T12:35:00Z,2026-08-31T08:35:00-04:00,2026-08-31,^TYX,5.238000,5.239000,5.238000,5.239000
2026-08-31T12:36:00Z,2026-08-31T08:36:00-04:00,2026-08-31,^TNX,4.742000,4.744000,4.742000,4.744000
2026-08-31T12:36:00Z,2026-08-31T08:36:00-04:00,2026-08-31,^TYX,5.240000,5.240000,5.240000,5.240000
2026-08-31T12:37:00Z,2026-08-31T08:37:00-04:00,2026-08-31,^TNX,4.744000,4.744000,4.744000,4.744000
2026-08-31T12:37:00Z,2026-08-31T08:37:00-04:00,2026-08-31,^TYX,5.241000,5.241000,5.241000,5.241000
2026-08-31T12:38:00Z,2026-08-31T08:38:00-04:00,2026-08-31,^TNX,4.744000,4.746000,4.744000,4.746000
2026-08-31T12:38:00Z,2026-08-31T08:38:00-04:00,2026-08-31,^TYX,5.240000,5.243000,5.240000,5.243000
2026-08-31T12:39:00Z,2026-08-31T08:39:00-04:00,2026-08-31,^TNX,4.748000,4.748000,4.746000,4.748000
2026-08-31T12:39:00Z,2026-08-31T08:39:00-04:00,2026-08-31,^TYX,5.244000,5.244000,5.243000,5.244000
2026-08-31T12:40:00Z,2026-08-31T08:40:00-04:00,2026-08-31,^TNX,4.748000,4.750000,4.748000,4.748000
2026-08-31T12:40:00Z,2026-08-31T08:40:00-04:00,2026-08-31,^TYX,5.244000,5.248000,5.244000,5.246000
2026-08-31T12:41:00Z,2026-08-31T08:41:00-04:00,2026-08-31,^TNX,4.748000,4.752000,4.748000,4.752000
2026-08-31T12:41:00Z,2026-08-31T08:41:00-04:00,2026-08-31,^TYX,5.246000,5.250000,5.246000,5.250000
2026-08-31T12:42:00Z,2026-08-31T08:42:00-04:00,2026-08-31,^TNX,4.752000,4.752000,4.752000,4.752000
2026-08-31T12:42:00Z,2026-08-31T08:42:00-04:00,2026-08-31,^TYX,5.250000,5.251000,5.250000,5.250000
2026-08-31T12:43:00Z,2026-08-31T08:43:00-04:00,2026-08-31,^TNX,4.752000,4.756000,4.752000,4.756000
2026-08-31T12:43:00Z,2026-08-31T08:43:00-04:00,2026-08-31,^TYX,5.251000,5.255000,5.251000,5.255000
2026-08-31T12:44:00Z,2026-08-31T08:44:00-04:00,2026-08-31,^TNX,4.754000,4.756000,4.754000,4.754000
2026-08-31T12:44:00Z,2026-08-31T08:44:00-04:00,2026-08-31,^TYX,5.255000,5.256000,5.255000,5.255000
2026-08-31T12:45:00Z,2026-08-31T08:45:00-04:00,2026-08-31,^TNX,4.754000,4.754000,4.752000,4.754000
2026-08-31T12:45:00Z,2026-08-31T08:45:00-04:00,2026-08-31,^TYX,5.255000,5.256000,5.254000,5.255000
2026-08-31T12:46:00Z,2026-08-31T08:46:00-04:00,2026-08-31,^TNX,4.754000,4.754000,4.754000,4.754000
2026-08-31T12:46:00Z,2026-08-31T08:46:00-04:00,2026-08-31,^TYX,5.254000,5.255000,5.254000,5.255000
2026-08-31T12:47:00Z,2026-08-31T08:47:00-04:00,2026-08-31,^TNX,4.756000,4.756000,4.754000,4.756000
2026-08-31T12:47:00Z,2026-08-31T08:47:00-04:00,2026-08-31,^TYX,5.255000,5.257000,5.255000,5.257000
2026-08-31T12:48:00Z,2026-08-31T08:48:00-04:00,2026-08-31,^TNX,4.756000,4.756000,4.754000,4.754000
2026-08-31T12:48:00Z,2026-08-31T08:48:00-04:00,2026-08-31,^TYX,5.256000,5.257000,5.255000,5.255000
2026-08-31T12:49:00Z,2026-08-31T08:49:00-04:00,2026-08-31,^TNX,4.754000,4.754000,4.752000,4.754000
2026-08-31T12:49:00Z,2026-08-31T08:49:00-04:00,2026-08-31,^TYX,5.255000,5.255000,5.254000,5.254000
2026-08-31T12:50:00Z,2026-08-31T08:50:00-04:00,2026-08-31,^TNX,4.754000,4.754000,4.752000,4.754000
2026-08-31T12:50:00Z,2026-08-31T08:50:00-04:00,2026-08-31,^TYX,5.254000,5.255000,5.254000,5.255000
2026-08-31T12:51:00Z,2026-08-31T08:51:00-04:00,2026-08-31,^TNX,4.752000,4.752000,4.750000,4.750000
2026-08-31T12:51:00Z,2026-08-31T08:51:00-04:00,2026-08-31,^TYX,5.254000,5.254000,5.251000,5.251000
2026-08-31T12:52:00Z,2026-08-31T08:52:00-04:00,2026-08-31,^TNX,4.750000,4.750000,4.750000,4.750000
2026-08-31T12:52:00Z,2026-08-31T08:52:00-04:00,2026-08-31,^TYX,5.252000,5.252000,5.251000,5.251000
2026-08-31T12:53:00Z,2026-08-31T08:53:00-04:00,2026-08-31,^TNX,4.750000,4.752000,4.750000,4.752000
2026-08-31T12:53:00Z,2026-08-31T08:53:00-04:00,2026-08-31,^TYX,5.252000,5.252000,5.251000,5.252000
2026-08-31T12:54:00Z,2026-08-31T08:54:00-04:00,2026-08-31,^TNX,4.752000,4.752000,4.752000,4.752000
2026-08-31T12:54:00Z,2026-08-31T08:54:00-04:00,2026-08-31,^TYX,5.252000,5.252000,5.252000,5.252000
2026-08-31T12:55:00Z,2026-08-31T08:55:00-04:00,2026-08-31,^TNX,4.752000,4.754000,4.752000,4.754000
2026-08-31T12:55:00Z,2026-08-31T08:55:00-04:00,2026-08-31,^TYX,5.252000,5.252000,5.250000,5.251000
2026-08-31T12:56:00Z,2026-08-31T08:56:00-04:00,2026-08-31,^TNX,4.754000,4.754000,4.752000,4.752000
2026-08-31T12:56:00Z,2026-08-31T08:56:00-04:00,2026-08-31,^TYX,5.252000,5.252000,5.248000,5.248000
2026-08-31T12:57:00Z,2026-08-31T08:57:00-04:00,2026-08-31,^TNX,4.752000,4.752000,4.752000,4.752000
2026-08-31T12:57:00Z,2026-08-31T08:57:00-04:00,2026-08-31,^TYX,5.248000,5.249000,5.248000,5.248000
2026-08-31T12:58:00Z,2026-08-31T08:58:00-04:00,2026-08-31,^TNX,4.752000,4.752000,4.752000,4.752000
2026-08-31T12:58:00Z,2026-08-31T08:58:00-04:00,2026-08-31,^TYX,5.246000,5.250000,5.246000,5.250000
2026-08-31T12:59:00Z,2026-08-31T08:59:00-04:00,2026-08-31,^TNX,4.752000,4.754000,4.752000,4.752000
2026-08-31T12:59:00Z,2026-08-31T08:59:00-04:00,2026-08-31,^TYX,5.250000,5.250000,5.250000,5.250000
2026-08-31T13:00:00Z,2026-08-31T09:00:00-04:00,2026-08-31,^TNX,4.754000,4.756000,4.754000,4.756000
2026-08-31T13:00:00Z,2026-08-31T09:00:00-04:00,2026-08-31,^TYX,5.250000,5.254000,5.250000,5.253000
2026-08-31T13:01:00Z,2026-08-31T09:01:00-04:00,2026-08-31,^TNX,4.756000,4.756000,4.756000,4.756000
2026-08-31T13:01:00Z,2026-08-31T09:01:00-04:00,2026-08-31,^TYX,5.253000,5.253000,5.252000,5.252000
2026-08-31T13:02:00Z,2026-08-31T09:02:00-04:00,2026-08-31,^TNX,4.756000,4.756000,4.754000,4.754000
2026-08-31T13:02:00Z,2026-08-31T09:02:00-04:00,2026-08-31,^TYX,5.252000,5.252000,5.250000,5.250000
2026-08-31T13:03:00Z,2026-08-31T09:03:00-04:00,2026-08-31,^TNX,4.752000,4.754000,4.752000,4.754000
2026-08-31T13:03:00Z,2026-08-31T09:03:00-04:00,2026-08-31,^TYX,5.250000,5.251000,5.250000,5.251000
2026-08-31T13:04:00Z,2026-08-31T09:04:00-04:00,2026-08-31,^TNX,4.754000,4.754000,4.752000,4.754000
2026-08-31T13:04:00Z,2026-08-31T09:04:00-04:00,2026-08-31,^TYX,5.250000,5.251000,5.250000,5.251000
2026-08-31T13:05:00Z,2026-08-31T09:05:00-04:00,2026-08-31,^TNX,4.754000,4.754000,4.752000,4.752000
2026-08-31T13:05:00Z,2026-08-31T09:05:00-04:00,2026-08-31,^TYX,5.251000,5.251000,5.250000,5.250000
2026-08-31T13:06:00Z,2026-08-31T09:06:00-04:00,2026-08-31,^TNX,4.752000,4.754000,4.752000,4.752000
2026-08-31T13:06:00Z,2026-08-31T09:06:00-04:00,2026-08-31,^TYX,5.250000,5.251000,5.250000,5.250000
2026-08-31T13:07:00Z,2026-08-31T09:07:00-04:00,2026-08-31,^TNX,4.752000,4.752000,4.752000,4.752000
2026-08-31T13:07:00Z,2026-08-31T09:07:00-04:00,2026-08-31,^TYX,5.249000,5.249000,5.248000,5.248000
2026-08-31T13:08:00Z,2026-08-31T09:08:00-04:00,2026-08-31,^TNX,4.752000,4.752000,4.752000,4.752000
2026-08-31T13:08:00Z,2026-08-31T09:08:00-04:00,2026-08-31,^TYX,5.249000,5.249000,5.246000,5.248000
2026-08-31T13:09:00Z,2026-08-31T09:09:00-04:00,2026-08-31,^TNX,4.752000,4.752000,4.752000,4.752000
2026-08-31T13:09:00Z,2026-08-31T09:09:00-04:00,2026-08-31,^TYX,5.248000,5.248000,5.246000,5.246000
2026-08-31T13:10:00Z,2026-08-31T09:10:00-04:00,2026-08-31,^TNX,4.752000,4.752000,4.750000,4.750000
2026-08-31T13:10:00Z,2026-08-31T09:10:00-04:00,2026-08-31,^TYX,5.246000,5.246000,5.246000,5.246000
2026-08-31T13:11:00Z,2026-08-31T09:11:00-04:00,2026-08-31,^TNX,4.752000,4.752000,4.750000,4.750000
2026-08-31T13:11:00Z,2026-08-31T09:11:00-04:00,2026-08-31,^TYX,5.248000,5.248000,5.246000,5.246000
2026-08-31T13:12:00Z,2026-08-31T09:12:00-04:00,2026-08-31,^TNX,4.750000,4.750000,4.748000,4.748000
2026-08-31T13:12:00Z,2026-08-31T09:12:00-04:00,2026-08-31,^TYX,5.246000,5.246000,5.246000,5.246000
2026-08-31T13:13:00Z,2026-08-31T09:13:00-04:00,2026-08-31,^TNX,4.748000,4.752000,4.748000,4.752000
2026-08-31T13:13:00Z,2026-08-31T09:13:00-04:00,2026-08-31,^TYX,5.246000,5.248000,5.246000,5.248000
2026-08-31T13:14:00Z,2026-08-31T09:14:00-04:00,2026-08-31,^TNX,4.750000,4.750000,4.748000,4.748000
2026-08-31T13:14:00Z,2026-08-31T09:14:00-04:00,2026-08-31,^TYX,5.246000,5.246000,5.246000,5.246000
2026-08-31T13:15:00Z,2026-08-31T09:15:00-04:00,2026-08-31,^TNX,4.750000,4.750000,4.748000,4.748000
2026-08-31T13:15:00Z,2026-08-31T09:15:00-04:00,2026-08-31,^TYX,5.246000,5.246000,5.243000,5.243000
2026-08-31T13:16:00Z,2026-08-31T09:16:00-04:00,2026-08-31,^TNX,4.748000,4.748000,4.748000,4.748000
2026-08-31T13:16:00Z,2026-08-31T09:16:00-04:00,2026-08-31,^TYX,5.243000,5.243000,5.243000,5.243000
2026-08-31T13:17:00Z,2026-08-31T09:17:00-04:00,2026-08-31,^TNX,4.746000,4.748000,4.746000,4.746000
2026-08-31T13:17:00Z,2026-08-31T09:17:00-04:00,2026-08-31,^TYX,5.243000,5.243000,5.242000,5.242000
2026-08-31T13:18:00Z,2026-08-31T09:18:00-04:00,2026-08-31,^TNX,4.746000,4.746000,4.746000,4.746000
2026-08-31T13:18:00Z,2026-08-31T09:18:00-04:00,2026-08-31,^TYX,5.242000,5.243000,5.242000,5.243000
2026-08-31T13:19:00Z,2026-08-31T09:19:00-04:00,2026-08-31,^TNX,4.746000,4.746000,4.746000,4.746000
2026-08-31T13:19:00Z,2026-08-31T09:19:00-04:00,2026-08-31,^TYX,5.243000,5.243000,5.242000,5.243000
2026-08-31T13:20:00Z,2026-08-31T09:20:00-04:00,2026-08-31,^TNX,4.746000,4.746000,4.744000,4.744000
2026-08-31T13:20:00Z,2026-08-31T09:20:00-04:00,2026-08-31,^TYX,5.243000,5.243000,5.242000,5.242000
2026-08-31T13:21:00Z,2026-08-31T09:21:00-04:00,2026-08-31,^TNX,4.746000,4.748000,4.746000,4.748000
2026-08-31T13:21:00Z,2026-08-31T09:21:00-04:00,2026-08-31,^TYX,5.242000,5.244000,5.242000,5.244000
2026-08-31T13:22:00Z,2026-08-31T09:22:00-04:00,2026-08-31,^TNX,4.748000,4.750000,4.748000,4.750000
2026-08-31T13:22:00Z,2026-08-31T09:22:00-04:00,2026-08-31,^TYX,5.243000,5.246000,5.243000,5.246000
2026-08-31T13:23:00Z,2026-08-31T09:23:00-04:00,2026-08-31,^TNX,4.750000,4.750000,4.748000,4.748000
2026-08-31T13:23:00Z,2026-08-31T09:23:00-04:00,2026-08-31,^TYX,5.246000,5.246000,5.244000,5.244000
2026-08-31T13:24:00Z,2026-08-31T09:24:00-04:00,2026-08-31,^TNX,4.748000,4.748000,4.748000,4.748000
2026-08-31T13:24:00Z,2026-08-31T09:24:00-04:00,2026-08-31,^TYX,5.246000,5.246000,5.246000,5.246000
2026-08-31T13:25:00Z,2026-08-31T09:25:00-04:00,2026-08-31,^TNX,4.748000,4.748000,4.748000,4.748000
2026-08-31T13:25:00Z,2026-08-31T09:25:00-04:00,2026-08-31,^TYX,5.246000,5.246000,5.244000,5.244000
2026-08-31T13:26:00Z,2026-08-31T09:26:00-04:00,2026-08-31,^TNX,4.748000,4.748000,4.746000,4.746000
2026-08-31T13:26:00Z,2026-08-31T09:26:00-04:00,2026-08-31,^TYX,5.243000,5.243000,5.242000,5.242000
2026-08-31T13:27:00Z,2026-08-31T09:27:00-04:00,2026-08-31,^TNX,4.746000,4.748000,4.746000,4.748000
2026-08-31T13:27:00Z,2026-08-31T09:27:00-04:00,2026-08-31,^TYX,5.242000,5.243000,5.241000,5.243000
2026-08-31T13:28:00Z,2026-08-31T09:28:00-04:00,2026-08-31,^TNX,4.748000,4.748000,4.744000,4.746000
2026-08-31T13:28:00Z,2026-08-31T09:28:00-04:00,2026-08-31,^TYX,5.243000,5.244000,5.241000,5.242000
2026-08-31T13:29:00Z,2026-08-31T09:29:00-04:00,2026-08-31,^TNX,4.744000,4.748000,4.744000,4.748000
2026-08-31T13:29:00Z,2026-08-31T09:29:00-04:00,2026-08-31,^TYX,5.241000,5.243000,5.241000,5.243000
2026-08-31T13:30:00Z,2026-08-31T09:30:00-04:00,2026-08-31,^TNX,4.748000,4.752000,4.748000,4.752000
2026-08-31T13:30:00Z,2026-08-31T09:30:00-04:00,2026-08-31,^TYX,5.244000,5.246000,5.244000,5.246000
2026-08-31T13:31:00Z,2026-08-31T09:31:00-04:00,2026-08-31,^TNX,4.750000,4.752000,4.750000,4.752000
2026-08-31T13:31:00Z,2026-08-31T09:31:00-04:00,2026-08-31,^TYX,5.246000,5.248000,5.246000,5.248000
2026-08-31T13:32:00Z,2026-08-31T09:32:00-04:00,2026-08-31,^TNX,4.752000,4.752000,4.752000,4.752000
2026-08-31T13:32:00Z,2026-08-31T09:32:00-04:00,2026-08-31,^TYX,5.249000,5.250000,5.249000,5.249000
2026-08-31T13:33:00Z,2026-08-31T09:33:00-04:00,2026-08-31,^TNX,4.752000,4.754000,4.752000,4.754000
2026-08-31T13:33:00Z,2026-08-31T09:33:00-04:00,2026-08-31,^TYX,5.250000,5.252000,5.250000,5.252000
2026-08-31T13:34:00Z,2026-08-31T09:34:00-04:00,2026-08-31,^TNX,4.752000,4.754000,4.752000,4.752000
2026-08-31T13:34:00Z,2026-08-31T09:34:00-04:00,2026-08-31,^TYX,5.251000,5.251000,5.250000,5.251000
2026-08-31T13:35:00Z,2026-08-31T09:35:00-04:00,2026-08-31,^TNX,4.754000,4.756000,4.754000,4.756000
2026-08-31T13:35:00Z,2026-08-31T09:35:00-04:00,2026-08-31,^TYX,5.252000,5.253000,5.252000,5.252000
2026-08-31T13:36:00Z,2026-08-31T09:36:00-04:00,2026-08-31,^TNX,4.756000,4.756000,4.756000,4.756000
2026-08-31T13:36:00Z,2026-08-31T09:36:00-04:00,2026-08-31,^TYX,5.253000,5.254000,5.253000,5.254000
2026-08-31T13:37:00Z,2026-08-31T09:37:00-04:00,2026-08-31,^TNX,4.756000,4.756000,4.756000,4.756000
2026-08-31T13:37:00Z,2026-08-31T09:37:00-04:00,2026-08-31,^TYX,5.254000,5.254000,5.252000,5.253000
2026-08-31T13:38:00Z,2026-08-31T09:38:00-04:00,2026-08-31,^TNX,4.756000,4.756000,4.752000,4.754000
2026-08-31T13:38:00Z,2026-08-31T09:38:00-04:00,2026-08-31,^TYX,5.253000,5.253000,5.252000,5.252000
2026-08-31T13:39:00Z,2026-08-31T09:39:00-04:00,2026-08-31,^TNX,4.754000,4.754000,4.752000,4.752000
2026-08-31T13:39:00Z,2026-08-31T09:39:00-04:00,2026-08-31,^TYX,5.252000,5.252000,5.251000,5.251000
2026-08-31T13:40:00Z,2026-08-31T09:40:00-04:00,2026-08-31,^TNX,4.752000,4.752000,4.752000,4.752000
2026-08-31T13:40:00Z,2026-08-31T09:40:00-04:00,2026-08-31,^TYX,5.251000,5.251000,5.250000,5.250000
2026-08-31T13:41:00Z,2026-08-31T09:41:00-04:00,2026-08-31,^TNX,4.752000,4.752000,4.752000,4.752000
2026-08-31T13:41:00Z,2026-08-31T09:41:00-04:00,2026-08-31,^TYX,5.251000,5.252000,5.251000,5.252000
2026-08-31T13:42:00Z,2026-08-31T09:42:00-04:00,2026-08-31,^TNX,4.752000,4.756000,4.752000,4.756000
2026-08-31T13:42:00Z,2026-08-31T09:42:00-04:00,2026-08-31,^TYX,5.252000,5.253000,5.252000,5.253000
2026-08-31T13:43:00Z,2026-08-31T09:43:00-04:00,2026-08-31,^TNX,4.756000,4.756000,4.756000,4.756000
2026-08-31T13:43:00Z,2026-08-31T09:43:00-04:00,2026-08-31,^TYX,5.253000,5.254000,5.253000,5.254000
2026-08-31T13:44:00Z,2026-08-31T09:44:00-04:00,2026-08-31,^TNX,4.756000,4.756000,4.756000,4.756000
2026-08-31T13:44:00Z,2026-08-31T09:44:00-04:00,2026-08-31,^TYX,5.254000,5.255000,5.254000,5.254000
2026-08-31T13:45:00Z,2026-08-31T09:45:00-04:00,2026-08-31,^TNX,4.756000,4.756000,4.756000,4.756000
2026-08-31T13:45:00Z,2026-08-31T09:45:00-04:00,2026-08-31,^TYX,5.254000,5.254000,5.253000,5.254000
2026-08-31T13:46:00Z,2026-08-31T09:46:00-04:00,2026-08-31,^TNX,4.756000,4.756000,4.756000,4.756000
2026-08-31T13:46:00Z,2026-08-31T09:46:00-04:00,2026-08-31,^TYX,5.254000,5.256000,5.254000,5.256000
2026-08-31T13:47:00Z,2026-08-31T09:47:00-04:00,2026-08-31,^TNX,4.756000,4.758000,4.756000,4.756000
2026-08-31T13:47:00Z,2026-08-31T09:47:00-04:00,2026-08-31,^TYX,5.255000,5.256000,5.255000,5.256000
2026-08-31T13:48:00Z,2026-08-31T09:48:00-04:00,2026-08-31,^TNX,4.756000,4.758000,4.756000,4.758000
2026-08-31T13:48:00Z,2026-08-31T09:48:00-04:00,2026-08-31,^TYX,5.256000,5.257000,5.256000,5.257000
2026-08-31T13:49:00Z,2026-08-31T09:49:00-04:00,2026-08-31,^TNX,4.760000,4.760000,4.756000,4.756000
2026-08-31T13:49:00Z,2026-08-31T09:49:00-04:00,2026-08-31,^TYX,5.257000,5.258000,5.257000,5.257000
2026-08-31T13:50:00Z,2026-08-31T09:50:00-04:00,2026-08-31,^TNX,4.756000,4.758000,4.756000,4.758000
2026-08-31T13:50:00Z,2026-08-31T09:50:00-04:00,2026-08-31,^TYX,5.257000,5.259000,5.257000,5.259000
2026-08-31T13:51:00Z,2026-08-31T09:51:00-04:00,2026-08-31,^TNX,4.760000,4.760000,4.760000,4.760000
2026-08-31T13:51:00Z,2026-08-31T09:51:00-04:00,2026-08-31,^TYX,5.259000,5.260000,5.259000,5.260000
2026-08-31T13:52:00Z,2026-08-31T09:52:00-04:00,2026-08-31,^TNX,4.760000,4.760000,4.760000,4.760000
2026-08-31T13:52:00Z,2026-08-31T09:52:00-04:00,2026-08-31,^TYX,5.260000,5.260000,5.260000,5.260000
2026-08-31T13:53:00Z,2026-08-31T09:53:00-04:00,2026-08-31,^TNX,4.760000,4.760000,4.760000,4.760000
2026-08-31T13:53:00Z,2026-08-31T09:53:00-04:00,2026-08-31,^TYX,5.260000,5.260000,5.259000,5.260000
2026-08-31T13:54:00Z,2026-08-31T09:54:00-04:00,2026-08-31,^TNX,4.760000,4.760000,4.760000,4.760000
2026-08-31T13:54:00Z,2026-08-31T09:54:00-04:00,2026-08-31,^TYX,5.258000,5.259000,5.258000,5.258000
2026-08-31T13:55:00Z,2026-08-31T09:55:00-04:00,2026-08-31,^TNX,4.760000,4.760000,4.760000,4.760000
2026-08-31T13:55:00Z,2026-08-31T09:55:00-04:00,2026-08-31,^TYX,5.258000,5.259000,5.258000,5.258000
2026-08-31T13:56:00Z,2026-08-31T09:56:00-04:00,2026-08-31,^TNX,4.760000,4.760000,4.760000,4.760000
2026-08-31T13:56:00Z,2026-08-31T09:56:00-04:00,2026-08-31,^TYX,5.259000,5.259000,5.258000,5.258000
2026-08-31T13:57:00Z,2026-08-31T09:57:00-04:00,2026-08-31,^TNX,4.760000,4.760000,4.760000,4.760000
2026-08-31T13:57:00Z,2026-08-31T09:57:00-04:00,2026-08-31,^TYX,5.258000,5.258000,5.258000,5.258000
2026-08-31T13:58:00Z,2026-08-31T09:58:00-04:00,2026-08-31,^TNX,4.760000,4.762000,4.760000,4.760000
2026-08-31T13:58:00Z,2026-08-31T09:58:00-04:00,2026-08-31,^TYX,5.259000,5.261000,5.259000,5.261000
2026-08-31T13:59:00Z,2026-08-31T09:59:00-04:00,2026-08-31,^TNX,4.762000,4.762000,4.760000,4.760000
2026-08-31T13:59:00Z,2026-08-31T09:59:00-04:00,2026-08-31,^TYX,5.261000,5.261000,5.260000,5.260000
2026-08-31T14:00:00Z,2026-08-31T10:00:00-04:00,2026-08-31,^TNX,4.760000,4.764000,4.760000,4.764000
2026-08-31T14:00:00Z,2026-08-31T10:00:00-04:00,2026-08-31,^TYX,5.260000,5.262000,5.260000,5.262000
2026-08-31T14:01:00Z,2026-08-31T10:01:00-04:00,2026-08-31,^TNX,4.762000,4.764000,4.762000,4.764000
2026-08-31T14:01:00Z,2026-08-31T10:01:00-04:00,2026-08-31,^TYX,5.261000,5.261000,5.260000,5.261000
2026-08-31T14:02:00Z,2026-08-31T10:02:00-04:00,2026-08-31,^TNX,4.764000,4.764000,4.764000,4.764000
2026-08-31T14:02:00Z,2026-08-31T10:02:00-04:00,2026-08-31,^TYX,5.261000,5.262000,5.261000,5.261000
2026-08-31T14:03:00Z,2026-08-31T10:03:00-04:00,2026-08-31,^TNX,4.762000,4.764000,4.762000,4.764000
2026-08-31T14:03:00Z,2026-08-31T10:03:00-04:00,2026-08-31,^TYX,5.261000,5.263000,5.261000,5.263000
2026-08-31T14:04:00Z,2026-08-31T10:04:00-04:00,2026-08-31,^TNX,4.764000,4.764000,4.762000,4.764000
2026-08-31T14:04:00Z,2026-08-31T10:04:00-04:00,2026-08-31,^TYX,5.263000,5.263000,5.261000,5.263000
2026-08-31T14:05:00Z,2026-08-31T10:05:00-04:00,2026-08-31,^TNX,4.764000,4.764000,4.764000,4.764000
2026-08-31T14:05:00Z,2026-08-31T10:05:00-04:00,2026-08-31,^TYX,5.263000,5.266000,5.263000,5.266000
2026-08-31T14:06:00Z,2026-08-31T10:06:00-04:00,2026-08-31,^TNX,4.764000,4.766000,4.764000,4.766000
2026-08-31T14:06:00Z,2026-08-31T10:06:00-04:00,2026-08-31,^TYX,5.266000,5.269000,5.264000,5.269000
2026-08-31T14:07:00Z,2026-08-31T10:07:00-04:00,2026-08-31,^TNX,4.766000,4.766000,4.764000,4.764000
2026-08-31T14:07:00Z,2026-08-31T10:07:00-04:00,2026-08-31,^TYX,5.270000,5.270000,5.267000,5.268000
2026-08-31T14:08:00Z,2026-08-31T10:08:00-04:00,2026-08-31,^TNX,4.764000,4.764000,4.764000,4.764000
2026-08-31T14:08:00Z,2026-08-31T10:08:00-04:00,2026-08-31,^TYX,5.268000,5.268000,5.267000,5.267000
2026-08-31T14:09:00Z,2026-08-31T10:09:00-04:00,2026-08-31,^TNX,4.764000,4.764000,4.764000,4.764000
2026-08-31T14:09:00Z,2026-08-31T10:09:00-04:00,2026-08-31,^TYX,5.267000,5.267000,5.267000,5.267000
2026-08-31T14:10:00Z,2026-08-31T10:10:00-04:00,2026-08-31,^TNX,4.764000,4.764000,4.762000,4.762000
2026-08-31T14:10:00Z,2026-08-31T10:10:00-04:00,2026-08-31,^TYX,5.268000,5.268000,5.268000,5.268000
2026-08-31T14:11:00Z,2026-08-31T10:11:00-04:00,2026-08-31,^TNX,4.762000,4.762000,4.762000,4.762000
2026-08-31T14:11:00Z,2026-08-31T10:11:00-04:00,2026-08-31,^TYX,5.267000,5.267000,5.264000,5.264000
2026-08-31T14:12:00Z,2026-08-31T10:12:00-04:00,2026-08-31,^TNX,4.762000,4.762000,4.760000,4.760000
2026-08-31T14:12:00Z,2026-08-31T10:12:00-04:00,2026-08-31,^TYX,5.263000,5.263000,5.262000,5.262000
2026-08-31T14:13:00Z,2026-08-31T10:13:00-04:00,2026-08-31,^TNX,4.762000,4.762000,4.760000,4.762000
2026-08-31T14:13:00Z,2026-08-31T10:13:00-04:00,2026-08-31,^TYX,5.264000,5.264000,5.263000,5.264000
2026-08-31T14:14:00Z,2026-08-31T10:14:00-04:00,2026-08-31,^TNX,4.762000,4.764000,4.762000,4.764000
2026-08-31T14:14:00Z,2026-08-31T10:14:00-04:00,2026-08-31,^TYX,5.264000,5.266000,5.264000,5.266000
2026-08-31T14:15:00Z,2026-08-31T10:15:00-04:00,2026-08-31,^TNX,4.762000,4.764000,4.762000,4.764000
2026-08-31T14:15:00Z,2026-08-31T10:15:00-04:00,2026-08-31,^TYX,5.266000,5.266000,5.264000,5.264000
2026-08-31T14:16:00Z,2026-08-31T10:16:00-04:00,2026-08-31,^TNX,4.764000,4.764000,4.760000,4.760000
2026-08-31T14:16:00Z,2026-08-31T10:16:00-04:00,2026-08-31,^TYX,5.264000,5.264000,5.262000,5.262000
2026-08-31T14:17:00Z,2026-08-31T10:17:00-04:00,2026-08-31,^TNX,4.760000,4.762000,4.760000,4.760000
2026-08-31T14:17:00Z,2026-08-31T10:17:00-04:00,2026-08-31,^TYX,5.262000,5.263000,5.262000,5.262000
2026-08-31T14:18:00Z,2026-08-31T10:18:00-04:00,2026-08-31,^TNX,4.762000,4.762000,4.760000,4.760000
2026-08-31T14:18:00Z,2026-08-31T10:18:00-04:00,2026-08-31,^TYX,5.262000,5.263000,5.261000,5.261000
2026-08-31T14:19:00Z,2026-08-31T10:19:00-04:00,2026-08-31,^TNX,4.760000,4.760000,4.760000,4.760000
2026-08-31T14:19:00Z,2026-08-31T10:19:00-04:00,2026-08-31,^TYX,5.262000,5.263000,5.261000,5.261000
2026-08-31T14:20:00Z,2026-08-31T10:20:00-04:00,2026-08-31,^TNX,4.760000,4.760000,4.760000,4.760000
2026-08-31T14:20:00Z,2026-08-31T10:20:00-04:00,2026-08-31,^TYX,5.260000,5.260000,5.259000,5.259000
2026-08-31T14:21:00Z,2026-08-31T10:21:00-04:00,2026-08-31,^TNX,4.760000,4.760000,4.760000,4.760000
2026-08-31T14:21:00Z,2026-08-31T10:21:00-04:00,2026-08-31,^TYX,5.259000,5.261000,5.259000,5.261000
2026-08-31T14:22:00Z,2026-08-31T10:22:00-04:00,2026-08-31,^TNX,4.762000,4.762000,4.760000,4.762000
2026-08-31T14:22:00Z,2026-08-31T10:22:00-04:00,2026-08-31,^TYX,5.261000,5.261000,5.260000,5.261000
2026-08-31T14:23:00Z,2026-08-31T10:23:00-04:00,2026-08-31,^TNX,4.760000,4.762000,4.760000,4.762000
2026-08-31T14:23:00Z,2026-08-31T10:23:00-04:00,2026-08-31,^TYX,5.261000,5.262000,5.261000,5.262000
2026-08-31T14:24:00Z,2026-08-31T10:24:00-04:00,2026-08-31,^TNX,4.762000,4.762000,4.762000,4.762000
2026-08-31T14:24:00Z,2026-08-31T10:24:00-04:00,2026-08-31,^TYX,5.262000,5.262000,5.261000,5.262000
2026-08-31T14:25:00Z,2026-08-31T10:25:00-04:00,2026-08-31,^TNX,4.762000,4.762000,4.760000,4.760000
2026-08-31T14:25:00Z,2026-08-31T10:25:00-04:00,2026-08-31,^TYX,5.261000,5.262000,5.261000,5.261000
2026-08-31T14:26:00Z,2026-08-31T10:26:00-04:00,2026-08-31,^TNX,4.762000,4.762000,4.762000,4.762000
2026-08-31T14:26:00Z,2026-08-31T10:26:00-04:00,2026-08-31,^TYX,5.261000,5.263000,5.261000,5.262000
2026-08-31T14:27:00Z,2026-08-31T10:27:00-04:00,2026-08-31,^TNX,4.762000,4.762000,4.762000,4.762000
2026-08-31T14:27:00Z,2026-08-31T10:27:00-04:00,2026-08-31,^TYX,5.262000,5.262000,5.262000,5.262000
2026-08-31T14:28:00Z,2026-08-31T10:28:00-04:00,2026-08-31,^TNX,4.762000,4.764000,4.760000,4.760000
2026-08-31T14:28:00Z,2026-08-31T10:28:00-04:00,2026-08-31,^TYX,5.262000,5.263000,5.261000,5.261000
2026-08-31T14:29:00Z,2026-08-31T10:29:00-04:00,2026-08-31,^TNX,4.760000,4.760000,4.760000,4.760000
2026-08-31T14:29:00Z,2026-08-31T10:29:00-04:00,2026-08-31,^TYX,5.261000,5.261000,5.260000,5.261000
2026-08-31T14:30:00Z,2026-08-31T10:30:00-04:00,2026-08-31,^TNX,4.760000,4.762000,4.760000,4.760000
2026-08-31T14:30:00Z,2026-08-31T10:30:00-04:00,2026-08-31,^TYX,5.261000,5.261000,5.261000,5.261000
2026-08-31T14:31:00Z,2026-08-31T10:31:00-04:00,2026-08-31,^TNX,4.760000,4.762000,4.760000,4.762000
2026-08-31T14:31:00Z,2026-08-31T10:31:00-04:00,2026-08-31,^TYX,5.261000,5.262000,5.261000,5.262000
2026-08-31T14:32:00Z,2026-08-31T10:32:00-04:00,2026-08-31,^TNX,4.760000,4.760000,4.760000,4.760000
2026-08-31T14:32:00Z,2026-08-31T10:32:00-04:00,2026-08-31,^TYX,5.262000,5.262000,5.260000,5.261000
2026-08-31T14:33:00Z,2026-08-31T10:33:00-04:00,2026-08-31,^TNX,4.760000,4.762000,4.760000,4.762000
2026-08-31T14:33:00Z,2026-08-31T10:33:00-04:00,2026-08-31,^TYX,5.261000,5.262000,5.261000,5.262000
2026-08-31T14:34:00Z,2026-08-31T10:34:00-04:00,2026-08-31,^TNX,4.762000,4.762000,4.760000,4.760000
2026-08-31T14:34:00Z,2026-08-31T10:34:00-04:00,2026-08-31,^TYX,5.262000,5.262000,5.261000,5.261000
2026-08-31T14:35:00Z,2026-08-31T10:35:00-04:00,2026-08-31,^TNX,4.760000,4.760000,4.760000,4.760000
2026-08-31T14:35:00Z,2026-08-31T10:35:00-04:00,2026-08-31,^TYX,5.261000,5.261000,5.261000,5.261000
2026-08-31T14:36:00Z,2026-08-31T10:36:00-04:00,2026-08-31,^TNX,4.760000,4.760000,4.758000,4.760000
2026-08-31T14:36:00Z,2026-08-31T10:36:00-04:00,2026-08-31,^TYX,5.261000,5.261000,5.259000,5.259000
2026-08-31T14:37:00Z,2026-08-31T10:37:00-04:00,2026-08-31,^TNX,4.760000,4.760000,4.760000,4.760000
2026-08-31T14:37:00Z,2026-08-31T10:37:00-04:00,2026-08-31,^TYX,5.260000,5.260000,5.260000,5.260000
2026-08-31T14:38:00Z,2026-08-31T10:38:00-04:00,2026-08-31,^TNX,4.760000,4.760000,4.758000,4.760000
2026-08-31T14:38:00Z,2026-08-31T10:38:00-04:00,2026-08-31,^TYX,5.260000,5.261000,5.260000,5.260000
2026-08-31T14:39:00Z,2026-08-31T10:39:00-04:00,2026-08-31,^TNX,4.760000,4.760000,4.760000,4.760000
2026-08-31T14:39:00Z,2026-08-31T10:39:00-04:00,2026-08-31,^TYX,5.260000,5.261000,5.260000,5.261000
2026-08-31T14:40:00Z,2026-08-31T10:40:00-04:00,2026-08-31,^TNX,4.760000,4.760000,4.760000,4.760000
2026-08-31T14:40:00Z,2026-08-31T10:40:00-04:00,2026-08-31,^TYX,5.260000,5.261000,5.260000,5.261000
2026-08-31T14:41:00Z,2026-08-31T10:41:00-04:00,2026-08-31,^TNX,4.760000,4.760000,4.760000,4.760000
2026-08-31T14:41:00Z,2026-08-31T10:41:00-04:00,2026-08-31,^TYX,5.261000,5.261000,5.261000,5.261000
2026-08-31T14:42:00Z,2026-08-31T10:42:00-04:00,2026-08-31,^TNX,4.760000,4.760000,4.760000,4.760000
2026-08-31T14:42:00Z,2026-08-31T10:42:00-04:00,2026-08-31,^TYX,5.261000,5.262000,5.261000,5.261000
2026-08-31T14:43:00Z,2026-08-31T10:43:00-04:00,2026-08-31,^TNX,4.760000,4.760000,4.760000,4.760000
2026-08-31T14:43:00Z,2026-08-31T10:43:00-04:00,2026-08-31,^TYX,5.261000,5.261000,5.260000,5.260000
2026-08-31T14:44:00Z,2026-08-31T10:44:00-04:00,2026-08-31,^TNX,4.760000,4.760000,4.760000,4.760000
2026-08-31T14:44:00Z,2026-08-31T10:44:00-04:00,2026-08-31,^TYX,5.260000,5.261000,5.260000,5.260000
2026-08-31T14:45:00Z,2026-08-31T10:45:00-04:00,2026-08-31,^TNX,4.760000,4.760000,4.760000,4.760000
2026-08-31T14:45:00Z,2026-08-31T10:45:00-04:00,2026-08-31,^TYX,5.260000,5.261000,5.260000,5.260000
2026-08-31T14:46:00Z,2026-08-31T10:46:00-04:00,2026-08-31,^TNX,4.760000,4.760000,4.760000,4.760000
2026-08-31T14:46:00Z,2026-08-31T10:46:00-04:00,2026-08-31,^TYX,5.260000,5.261000,5.260000,5.261000
2026-08-31T14:47:00Z,2026-08-31T10:47:00-04:00,2026-08-31,^TNX,4.760000,4.760000,4.760000,4.760000
2026-08-31T14:47:00Z,2026-08-31T10:47:00-04:00,2026-08-31,^TYX,5.261000,5.261000,5.261000,5.261000
2026-08-31T14:48:00Z,2026-08-31T10:48:00-04:00,2026-08-31,^TNX,4.760000,4.760000,4.760000,4.760000
2026-08-31T14:48:00Z,2026-08-31T10:48:00-04:00,2026-08-31,^TYX,5.261000,5.261000,5.260000,5.261000
2026-08-31T14:49:00Z,2026-08-31T10:49:00-04:00,2026-08-31,^TNX,4.760000,4.762000,4.760000,4.762000
2026-08-31T14:49:00Z,2026-08-31T10:49:00-04:00,2026-08-31,^TYX,5.261000,5.262000,5.260000,5.262000
2026-08-31T14:50:00Z,2026-08-31T10:50:00-04:00,2026-08-31,^TNX,4.762000,4.762000,4.760000,4.760000
2026-08-31T14:50:00Z,2026-08-31T10:50:00-04:00,2026-08-31,^TYX,5.262000,5.262000,5.260000,5.260000
2026-08-31T14:51:00Z,2026-08-31T10:51:00-04:00,2026-08-31,^TNX,4.760000,4.760000,4.760000,4.760000
2026-08-31T14:51:00Z,2026-08-31T10:51:00-04:00,2026-08-31,^TYX,5.260000,5.260000,5.259000,5.259000
2026-08-31T14:52:00Z,2026-08-31T10:52:00-04:00,2026-08-31,^TNX,4.760000,4.760000,4.760000,4.760000
2026-08-31T14:52:00Z,2026-08-31T10:52:00-04:00,2026-08-31,^TYX,5.260000,5.260000,5.260000,5.260000
2026-08-31T14:53:00Z,2026-08-31T10:53:00-04:00,2026-08-31,^TNX,4.760000,4.760000,4.760000,4.760000
2026-08-31T14:53:00Z,2026-08-31T10:53:00-04:00,2026-08-31,^TYX,5.260000,5.260000,5.259000,5.259000
2026-08-31T14:54:00Z,2026-08-31T10:54:00-04:00,2026-08-31,^TNX,4.758000,4.758000,4.758000,4.758000
2026-08-31T14:54:00Z,2026-08-31T10:54:00-04:00,2026-08-31,^TYX,5.259000,5.259000,5.258000,5.259000
2026-08-31T14:55:00Z,2026-08-31T10:55:00-04:00,2026-08-31,^TNX,4.758000,4.758000,4.756000,4.756000
2026-08-31T14:55:00Z,2026-08-31T10:55:00-04:00,2026-08-31,^TYX,5.258000,5.258000,5.256000,5.256000
2026-08-31T14:56:00Z,2026-08-31T10:56:00-04:00,2026-08-31,^TNX,4.756000,4.756000,4.754000,4.754000
2026-08-31T14:56:00Z,2026-08-31T10:56:00-04:00,2026-08-31,^TYX,5.256000,5.256000,5.254000,5.254000
2026-08-31T14:57:00Z,2026-08-31T10:57:00-04:00,2026-08-31,^TNX,4.754000,4.756000,4.752000,4.756000
2026-08-31T14:57:00Z,2026-08-31T10:57:00-04:00,2026-08-31,^TYX,5.254000,5.256000,5.254000,5.255000
2026-08-31T14:58:00Z,2026-08-31T10:58:00-04:00,2026-08-31,^TNX,4.756000,4.756000,4.752000,4.754000
2026-08-31T14:58:00Z,2026-08-31T10:58:00-04:00,2026-08-31,^TYX,5.255000,5.256000,5.254000,5.255000
2026-08-31T14:59:00Z,2026-08-31T10:59:00-04:00,2026-08-31,^TNX,4.754000,4.756000,4.754000,4.756000
2026-08-31T14:59:00Z,2026-08-31T10:59:00-04:00,2026-08-31,^TYX,5.255000,5.257000,5.255000,5.257000
2026-08-31T15:00:00Z,2026-08-31T11:00:00-04:00,2026-08-31,^TNX,4.754000,4.754000,4.752000,4.752000
2026-08-31T15:00:00Z,2026-08-31T11:00:00-04:00,2026-08-31,^TYX,5.256000,5.256000,5.253000,5.255000
2026-08-31T15:01:00Z,2026-08-31T11:01:00-04:00,2026-08-31,^TNX,4.752000,4.756000,4.752000,4.756000
2026-08-31T15:01:00Z,2026-08-31T11:01:00-04:00,2026-08-31,^TYX,5.255000,5.257000,5.255000,5.257000
2026-08-31T15:02:00Z,2026-08-31T11:02:00-04:00,2026-08-31,^TNX,4.756000,4.756000,4.756000,4.756000
2026-08-31T15:02:00Z,2026-08-31T11:02:00-04:00,2026-08-31,^TYX,5.258000,5.258000,5.256000,5.256000
2026-08-31T15:03:00Z,2026-08-31T11:03:00-04:00,2026-08-31,^TNX,4.756000,4.756000,4.756000,4.756000
2026-08-31T15:03:00Z,2026-08-31T11:03:00-04:00,2026-08-31,^TYX,5.256000,5.257000,5.256000,5.257000
2026-08-31T15:04:00Z,2026-08-31T11:04:00-04:00,2026-08-31,^TNX,4.756000,4.756000,4.756000,4.756000
2026-08-31T15:04:00Z,2026-08-31T11:04:00-04:00,2026-08-31,^TYX,5.258000,5.258000,5.257000,5.258000
2026-08-31T15:05:00Z,2026-08-31T11:05:00-04:00,2026-08-31,^TNX,4.756000,4.758000,4.756000,4.758000
2026-08-31T15:05:00Z,2026-08-31T11:05:00-04:00,2026-08-31,^TYX,5.258000,5.258000,5.257000,5.258000
2026-08-31T15:06:00Z,2026-08-31T11:06:00-04:00,2026-08-31,^TNX,4.758000,4.758000,4.758000,4.758000
2026-08-31T15:06:00Z,2026-08-31T11:06:00-04:00,2026-08-31,^TYX,5.258000,5.258000,5.258000,5.258000
2026-08-31T15:07:00Z,2026-08-31T11:07:00-04:00,2026-08-31,^TNX,4.758000,4.758000,4.758000,4.758000
2026-08-31T15:07:00Z,2026-08-31T11:07:00-04:00,2026-08-31,^TYX,5.258000,5.258000,5.258000,5.258000
2026-08-31T15:08:00Z,2026-08-31T11:08:00-04:00,2026-08-31,^TNX,4.758000,4.760000,4.758000,4.760000
2026-08-31T15:08:00Z,2026-08-31T11:08:00-04:00,2026-08-31,^TYX,5.258000,5.260000,5.258000,5.260000
2026-08-31T15:09:00Z,2026-08-31T11:09:00-04:00,2026-08-31,^TNX,4.760000,4.760000,4.760000,4.760000
2026-08-31T15:09:00Z,2026-08-31T11:09:00-04:00,2026-08-31,^TYX,5.260000,5.261000,5.259000,5.261000
2026-08-31T15:10:00Z,2026-08-31T11:10:00-04:00,2026-08-31,^TNX,4.760000,4.760000,4.760000,4.760000
2026-08-31T15:10:00Z,2026-08-31T11:10:00-04:00,2026-08-31,^TYX,5.260000,5.261000,5.260000,5.261000
2026-08-31T15:11:00Z,2026-08-31T11:11:00-04:00,2026-08-31,^TNX,4.758000,4.760000,4.758000,4.760000
2026-08-31T15:11:00Z,2026-08-31T11:11:00-04:00,2026-08-31,^TYX,5.260000,5.261000,5.260000,5.261000
2026-08-31T15:12:00Z,2026-08-31T11:12:00-04:00,2026-08-31,^TNX,4.760000,4.760000,4.758000,4.758000
2026-08-31T15:12:00Z,2026-08-31T11:12:00-04:00,2026-08-31,^TYX,5.261000,5.261000,5.260000,5.260000
2026-08-31T15:13:00Z,2026-08-31T11:13:00-04:00,2026-08-31,^TNX,4.756000,4.756000,4.756000,4.756000
2026-08-31T15:13:00Z,2026-08-31T11:13:00-04:00,2026-08-31,^TYX,5.258000,5.259000,5.258000,5.259000
2026-08-31T15:14:00Z,2026-08-31T11:14:00-04:00,2026-08-31,^TNX,4.756000,4.758000,4.756000,4.756000
2026-08-31T15:14:00Z,2026-08-31T11:14:00-04:00,2026-08-31,^TYX,5.259000,5.260000,5.258000,5.258000
2026-08-31T15:15:00Z,2026-08-31T11:15:00-04:00,2026-08-31,^TNX,4.758000,4.758000,4.756000,4.758000
2026-08-31T15:15:00Z,2026-08-31T11:15:00-04:00,2026-08-31,^TYX,5.260000,5.260000,5.259000,5.260000
2026-08-31T15:16:00Z,2026-08-31T11:16:00-04:00,2026-08-31,^TNX,4.758000,4.758000,4.758000,4.758000
2026-08-31T15:16:00Z,2026-08-31T11:16:00-04:00,2026-08-31,^TYX,5.260000,5.260000,5.259000,5.260000
2026-08-31T15:17:00Z,2026-08-31T11:17:00-04:00,2026-08-31,^TNX,4.760000,4.760000,4.760000,4.760000
2026-08-31T15:17:00Z,2026-08-31T11:17:00-04:00,2026-08-31,^TYX,5.261000,5.262000,5.261000,5.262000
2026-08-31T15:18:00Z,2026-08-31T11:18:00-04:00,2026-08-31,^TNX,4.760000,4.760000,4.760000,4.760000
2026-08-31T15:18:00Z,2026-08-31T11:18:00-04:00,2026-08-31,^TYX,5.262000,5.262000,5.261000,5.261000
2026-08-31T15:19:00Z,2026-08-31T11:19:00-04:00,2026-08-31,^TNX,4.760000,4.760000,4.760000,4.760000
2026-08-31T15:19:00Z,2026-08-31T11:19:00-04:00,2026-08-31,^TYX,5.262000,5.262000,5.261000,5.261000
2026-08-31T15:20:00Z,2026-08-31T11:20:00-04:00,2026-08-31,^TNX,4.760000,4.760000,4.760000,4.760000
2026-08-31T15:20:00Z,2026-08-31T11:20:00-04:00,2026-08-31,^TYX,5.261000,5.262000,5.261000,5.262000
2026-08-31T15:21:00Z,2026-08-31T11:21:00-04:00,2026-08-31,^TNX,4.760000,4.760000,4.760000,4.760000
2026-08-31T15:21:00Z,2026-08-31T11:21:00-04:00,2026-08-31,^TYX,5.261000,5.261000,5.260000,5.261000
2026-08-31T15:22:00Z,2026-08-31T11:22:00-04:00,2026-08-31,^TNX,4.760000,4.760000,4.760000,4.760000
2026-08-31T15:22:00Z,2026-08-31T11:22:00-04:00,2026-08-31,^TYX,5.261000,5.261000,5.260000,5.261000
2026-08-31T15:23:00Z,2026-08-31T11:23:00-04:00,2026-08-31,^TNX,4.760000,4.760000,4.760000,4.760000
2026-08-31T15:23:00Z,2026-08-31T11:23:00-04:00,2026-08-31,^TYX,5.262000,5.262000,5.260000,5.260000
2026-08-31T15:24:00Z,2026-08-31T11:24:00-04:00,2026-08-31,^TNX,4.760000,4.760000,4.760000,4.760000
2026-08-31T15:24:00Z,2026-08-31T11:24:00-04:00,2026-08-31,^TYX,5.260000,5.260000,5.260000,5.260000
2026-08-31T15:25:00Z,2026-08-31T11:25:00-04:00,2026-08-31,^TNX,4.760000,4.760000,4.760000,4.760000
2026-08-31T15:25:00Z,2026-08-31T11:25:00-04:00,2026-08-31,^TYX,5.260000,5.260000,5.260000,5.260000
2026-08-31T15:26:00Z,2026-08-31T11:26:00-04:00,2026-08-31,^TNX,4.760000,4.760000,4.760000,4.760000
2026-08-31T15:26:00Z,2026-08-31T11:26:00-04:00,2026-08-31,^TYX,5.261000,5.261000,5.261000,5.261000
2026-08-31T15:27:00Z,2026-08-31T11:27:00-04:00,2026-08-31,^TNX,4.760000,4.760000,4.760000,4.760000
2026-08-31T15:27:00Z,2026-08-31T11:27:00-04:00,2026-08-31,^TYX,5.261000,5.262000,5.261000,5.261000
2026-08-31T15:28:00Z,2026-08-31T11:28:00-04:00,2026-08-31,^TNX,4.760000,4.760000,4.760000,4.760000
2026-08-31T15:28:00Z,2026-08-31T11:28:00-04:00,2026-08-31,^TYX,5.262000,5.262000,5.262000,5.262000
2026-08-31T15:29:00Z,2026-08-31T11:29:00-04:00,2026-08-31,^TNX,4.760000,4.760000,4.760000,4.760000
2026-08-31T15:29:00Z,2026-08-31T11:29:00-04:00,2026-08-31,^TYX,5.262000,5.262000,5.260000,5.261000
2026-08-31T15:30:00Z,2026-08-31T11:30:00-04:00,2026-08-31,^TNX,4.760000,4.762000,4.760000,4.762000
2026-08-31T15:30:00Z,2026-08-31T11:30:00-04:00,2026-08-31,^TYX,5.261000,5.263000,5.261000,5.263000
2026-08-31T15:31:00Z,2026-08-31T11:31:00-04:00,2026-08-31,^TNX,4.762000,4.762000,4.760000,4.760000
2026-08-31T15:31:00Z,2026-08-31T11:31:00-04:00,2026-08-31,^TYX,5.263000,5.263000,5.263000,5.263000
2026-08-31T15:32:00Z,2026-08-31T11:32:00-04:00,2026-08-31,^TNX,4.758000,4.760000,4.758000,4.760000
2026-08-31T15:32:00Z,2026-08-31T11:32:00-04:00,2026-08-31,^TYX,5.261000,5.261000,5.260000,5.260000
2026-08-31T15:33:00Z,2026-08-31T11:33:00-04:00,2026-08-31,^TNX,4.760000,4.760000,4.758000,4.760000
2026-08-31T15:33:00Z,2026-08-31T11:33:00-04:00,2026-08-31,^TYX,5.260000,5.261000,5.260000,5.261000
2026-08-31T15:34:00Z,2026-08-31T11:34:00-04:00,2026-08-31,^TNX,4.760000,4.760000,4.760000,4.760000
2026-08-31T15:34:00Z,2026-08-31T11:34:00-04:00,2026-08-31,^TYX,5.261000,5.262000,5.261000,5.261000
2026-08-31T15:35:00Z,2026-08-31T11:35:00-04:00,2026-08-31,^TNX,4.760000,4.760000,4.760000,4.760000
2026-08-31T15:35:00Z,2026-08-31T11:35:00-04:00,2026-08-31,^TYX,5.261000,5.262000,5.261000,5.261000
2026-08-31T15:36:00Z,2026-08-31T11:36:00-04:00,2026-08-31,^TNX,4.760000,4.760000,4.760000,4.760000
2026-08-31T15:36:00Z,2026-08-31T11:36:00-04:00,2026-08-31,^TYX,5.261000,5.262000,5.261000,5.262000
2026-08-31T15:37:00Z,2026-08-31T11:37:00-04:00,2026-08-31,^TNX,4.760000,4.760000,4.760000,4.760000
2026-08-31T15:37:00Z,2026-08-31T11:37:00-04:00,2026-08-31,^TYX,5.262000,5.263000,5.262000,5.262000
2026-08-31T15:38:00Z,2026-08-31T11:38:00-04:00,2026-08-31,^TNX,4.760000,4.760000,4.760000,4.760000
2026-08-31T15:38:00Z,2026-08-31T11:38:00-04:00,2026-08-31,^TYX,5.263000,5.263000,5.262000,5.262000
2026-08-31T15:39:00Z,2026-08-31T11:39:00-04:00,2026-08-31,^TNX,4.760000,4.760000,4.760000,4.760000
2026-08-31T15:39:00Z,2026-08-31T11:39:00-04:00,2026-08-31,^TYX,5.262000,5.262000,5.262000,5.262000
2026-08-31T15:40:00Z,2026-08-31T11:40:00-04:00,2026-08-31,^TNX,4.760000,4.760000,4.760000,4.760000
2026-08-31T15:40:00Z,2026-08-31T11:40:00-04:00,2026-08-31,^TYX,5.262000,5.262000,5.262000,5.262000
2026-08-31T15:41:00Z,2026-08-31T11:41:00-04:00,2026-08-31,^TNX,4.760000,4.760000,4.760000,4.760000
2026-08-31T15:41:00Z,2026-08-31T11:41:00-04:00,2026-08-31,^TYX,5.263000,5.263000,5.263000,5.263000
2026-08-31T15:42:00Z,2026-08-31T11:42:00-04:00,2026-08-31,^TNX,4.762000,4.762000,4.760000,4.760000
2026-08-31T15:42:00Z,2026-08-31T11:42:00-04:00,2026-08-31,^TYX,5.264000,5.264000,5.264000,5.264000
2026-08-31T15:43:00Z,2026-08-31T11:43:00-04:00,2026-08-31,^TNX,4.760000,4.760000,4.760000,4.760000
2026-08-31T15:43:00Z,2026-08-31T11:43:00-04:00,2026-08-31,^TYX,5.263000,5.264000,5.263000,5.264000
2026-08-31T15:44:00Z,2026-08-31T11:44:00-04:00,2026-08-31,^TNX,4.762000,4.762000,4.760000,4.760000
2026-08-31T15:44:00Z,2026-08-31T11:44:00-04:00,2026-08-31,^TYX,5.264000,5.266000,5.264000,5.264000
2026-08-31T15:45:00Z,2026-08-31T11:45:00-04:00,2026-08-31,^TNX,4.760000,4.760000,4.760000,4.760000
2026-08-31T15:45:00Z,2026-08-31T11:45:00-04:00,2026-08-31,^TYX,5.264000,5.264000,5.263000,5.264000
2026-08-31T15:46:00Z,2026-08-31T11:46:00-04:00,2026-08-31,^TNX,4.760000,4.760000,4.760000,4.760000
2026-08-31T15:46:00Z,2026-08-31T11:46:00-04:00,2026-08-31,^TYX,5.264000,5.264000,5.264000,5.264000
2026-08-31T15:47:00Z,2026-08-31T11:47:00-04:00,2026-08-31,^TNX,4.760000,4.760000,4.760000,4.760000
2026-08-31T15:47:00Z,2026-08-31T11:47:00-04:00,2026-08-31,^TYX,5.263000,5.264000,5.263000,5.264000
2026-08-31T15:48:00Z,2026-08-31T11:48:00-04:00,2026-08-31,^TNX,4.760000,4.760000,4.760000,4.760000
2026-08-31T15:48:00Z,2026-08-31T11:48:00-04:00,2026-08-31,^TYX,5.263000,5.263000,5.263000,5.263000
2026-08-31T15:49:00Z,2026-08-31T11:49:00-04:00,2026-08-31,^TNX,4.760000,4.760000,4.760000,4.760000
2026-08-31T15:49:00Z,2026-08-31T11:49:00-04:00,2026-08-31,^TYX,5.263000,5.264000,5.262000,5.263000
2026-08-31T15:50:00Z,2026-08-31T11:50:00-04:00,2026-08-31,^TNX,4.760000,4.762000,4.760000,4.760000
2026-08-31T15:50:00Z,2026-08-31T11:50:00-04:00,2026-08-31,^TYX,5.264000,5.264000,5.263000,5.263000
2026-08-31T15:51:00Z,2026-08-31T11:51:00-04:00,2026-08-31,^TNX,4.762000,4.762000,4.762000,4.762000
2026-08-31T15:51:00Z,2026-08-31T11:51:00-04:00,2026-08-31,^TYX,5.264000,5.264000,5.264000,5.264000
2026-08-31T15:52:00Z,2026-08-31T11:52:00-04:00,2026-08-31,^TNX,4.762000,4.762000,4.762000,4.762000
2026-08-31T15:52:00Z,2026-08-31T11:52:00-04:00,2026-08-31,^TYX,5.264000,5.264000,5.263000,5.264000
2026-08-31T15:53:00Z,2026-08-31T11:53:00-04:00,2026-08-31,^TNX,4.762000,4.762000,4.760000,4.762000
2026-08-31T15:53:00Z,2026-08-31T11:53:00-04:00,2026-08-31,^TYX,5.264000,5.264000,5.262000,5.262000
2026-08-31T15:54:00Z,2026-08-31T11:54:00-04:00,2026-08-31,^TNX,4.760000,4.762000,4.760000,4.762000
2026-08-31T15:54:00Z,2026-08-31T11:54:00-04:00,2026-08-31,^TYX,5.262000,5.264000,5.262000,5.264000
2026-08-31T15:55:00Z,2026-08-31T11:55:00-04:00,2026-08-31,^TNX,4.762000,4.764000,4.762000,4.764000
2026-08-31T15:55:00Z,2026-08-31T11:55:00-04:00,2026-08-31,^TYX,5.263000,5.264000,5.262000,5.263000
2026-08-31T15:56:00Z,2026-08-31T11:56:00-04:00,2026-08-31,^TNX,4.764000,4.764000,4.764000,4.764000
2026-08-31T15:56:00Z,2026-08-31T11:56:00-04:00,2026-08-31,^TYX,5.263000,5.263000,5.263000,5.263000
2026-08-31T15:57:00Z,2026-08-31T11:57:00-04:00,2026-08-31,^TNX,4.764000,4.764000,4.762000,4.762000
2026-08-31T15:57:00Z,2026-08-31T11:57:00-04:00,2026-08-31,^TYX,5.262000,5.262000,5.261000,5.261000
2026-08-31T15:58:00Z,2026-08-31T11:58:00-04:00,2026-08-31,^TNX,4.762000,4.762000,4.762000,4.762000
2026-08-31T15:58:00Z,2026-08-31T11:58:00-04:00,2026-08-31,^TYX,5.261000,5.261000,5.261000,5.261000
2026-08-31T15:59:00Z,2026-08-31T11:59:00-04:00,2026-08-31,^TNX,4.762000,4.762000,4.762000,4.762000
2026-08-31T15:59:00Z,2026-08-31T11:59:00-04:00,2026-08-31,^TYX,5.261000,5.261000,5.260000,5.260000
2026-08-31T16:00:00Z,2026-08-31T12:00:00-04:00,2026-08-31,^TNX,4.760000,4.764000,4.760000,4.764000
2026-08-31T16:00:00Z,2026-08-31T12:00:00-04:00,2026-08-31,^TYX,5.260000,5.263000,5.260000,5.262000
2026-08-31T16:01:00Z,2026-08-31T12:01:00-04:00,2026-08-31,^TNX,4.764000,4.764000,4.764000,4.764000
2026-08-31T16:01:00Z,2026-08-31T12:01:00-04:00,2026-08-31,^TYX,5.262000,5.262000,5.260000,5.260000
2026-08-31T16:02:00Z,2026-08-31T12:02:00-04:00,2026-08-31,^TNX,4.764000,4.764000,4.762000,4.762000
2026-08-31T16:02:00Z,2026-08-31T12:02:00-04:00,2026-08-31,^TYX,5.260000,5.260000,5.259000,5.259000
2026-08-31T16:03:00Z,2026-08-31T12:03:00-04:00,2026-08-31,^TNX,4.762000,4.762000,4.762000,4.762000
2026-08-31T16:03:00Z,2026-08-31T12:03:00-04:00,2026-08-31,^TYX,5.259000,5.259000,5.258000,5.258000
2026-08-31T16:04:00Z,2026-08-31T12:04:00-04:00,2026-08-31,^TNX,4.762000,4.764000,4.762000,4.764000
2026-08-31T16:04:00Z,2026-08-31T12:04:00-04:00,2026-08-31,^TYX,5.258000,5.259000,5.258000,5.258000
2026-08-31T16:05:00Z,2026-08-31T12:05:00-04:00,2026-08-31,^TNX,4.764000,4.764000,4.764000,4.764000
2026-08-31T16:05:00Z,2026-08-31T12:05:00-04:00,2026-08-31,^TYX,5.258000,5.258000,5.257000,5.258000
2026-08-31T16:06:00Z,2026-08-31T12:06:00-04:00,2026-08-31,^TNX,4.764000,4.766000,4.764000,4.764000
2026-08-31T16:06:00Z,2026-08-31T12:06:00-04:00,2026-08-31,^TYX,5.258000,5.262000,5.258000,5.260000
2026-08-31T16:07:00Z,2026-08-31T12:07:00-04:00,2026-08-31,^TNX,4.764000,4.764000,4.764000,4.764000
2026-08-31T16:07:00Z,2026-08-31T12:07:00-04:00,2026-08-31,^TYX,5.260000,5.260000,5.260000,5.260000
2026-08-31T16:08:00Z,2026-08-31T12:08:00-04:00,2026-08-31,^TNX,4.764000,4.766000,4.764000,4.766000
2026-08-31T16:08:00Z,2026-08-31T12:08:00-04:00,2026-08-31,^TYX,5.261000,5.261000,5.260000,5.260000
2026-08-31T16:09:00Z,2026-08-31T12:09:00-04:00,2026-08-31,^TNX,4.764000,4.766000,4.764000,4.766000
2026-08-31T16:09:00Z,2026-08-31T12:09:00-04:00,2026-08-31,^TYX,5.260000,5.262000,5.260000,5.262000
2026-08-31T16:10:00Z,2026-08-31T12:10:00-04:00,2026-08-31,^TNX,4.766000,4.768000,4.766000,4.766000
2026-08-31T16:10:00Z,2026-08-31T12:10:00-04:00,2026-08-31,^TYX,5.263000,5.264000,5.262000,5.263000
2026-08-31T16:11:00Z,2026-08-31T12:11:00-04:00,2026-08-31,^TNX,4.764000,4.764000,4.764000,4.764000
2026-08-31T16:11:00Z,2026-08-31T12:11:00-04:00,2026-08-31,^TYX,5.261000,5.261000,5.260000,5.261000
2026-08-31T16:12:00Z,2026-08-31T12:12:00-04:00,2026-08-31,^TNX,4.764000,4.764000,4.764000,4.764000
2026-08-31T16:12:00Z,2026-08-31T12:12:00-04:00,2026-08-31,^TYX,5.261000,5.261000,5.259000,5.259000
2026-08-31T16:13:00Z,2026-08-31T12:13:00-04:00,2026-08-31,^TNX,4.764000,4.764000,4.762000,4.762000
2026-08-31T16:13:00Z,2026-08-31T12:13:00-04:00,2026-08-31,^TYX,5.260000,5.260000,5.259000,5.259000
2026-08-31T16:14:00Z,2026-08-31T12:14:00-04:00,2026-08-31,^TNX,4.762000,4.762000,4.760000,4.760000
2026-08-31T16:14:00Z,2026-08-31T12:14:00-04:00,2026-08-31,^TYX,5.259000,5.259000,5.259000,5.259000
2026-08-31T16:15:00Z,2026-08-31T12:15:00-04:00,2026-08-31,^TNX,4.762000,4.762000,4.760000,4.760000
2026-08-31T16:15:00Z,2026-08-31T12:15:00-04:00,2026-08-31,^TYX,5.260000,5.260000,5.259000,5.259000
2026-08-31T16:16:00Z,2026-08-31T12:16:00-04:00,2026-08-31,^TNX,4.762000,4.762000,4.762000,4.762000
2026-08-31T16:16:00Z,2026-08-31T12:16:00-04:00,2026-08-31,^TYX,5.260000,5.260000,5.260000,5.260000
2026-08-31T16:17:00Z,2026-08-31T12:17:00-04:00,2026-08-31,^TNX,4.762000,4.762000,4.762000,4.762000
2026-08-31T16:17:00Z,2026-08-31T12:17:00-04:00,2026-08-31,^TYX,5.260000,5.260000,5.260000,5.260000
2026-08-31T16:18:00Z,2026-08-31T12:18:00-04:00,2026-08-31,^TNX,4.762000,4.762000,4.760000,4.762000
2026-08-31T16:18:00Z,2026-08-31T12:18:00-04:00,2026-08-31,^TYX,5.260000,5.261000,5.260000,5.260000
2026-08-31T16:19:00Z,2026-08-31T12:19:00-04:00,2026-08-31,^TNX,4.762000,4.764000,4.762000,4.764000
2026-08-31T16:19:00Z,2026-08-31T12:19:00-04:00,2026-08-31,^TYX,5.261000,5.261000,5.261000,5.261000
2026-08-31T16:20:00Z,2026-08-31T12:20:00-04:00,2026-08-31,^TNX,4.764000,4.764000,4.762000,4.762000
2026-08-31T16:20:00Z,2026-08-31T12:20:00-04:00,2026-08-31,^TYX,5.261000,5.261000,5.261000,5.261000
2026-08-31T16:21:00Z,2026-08-31T12:21:00-04:00,2026-08-31,^TNX,4.762000,4.762000,4.760000,4.760000
2026-08-31T16:21:00Z,2026-08-31T12:21:00-04:00,2026-08-31,^TYX,5.261000,5.261000,5.261000,5.261000
2026-08-31T16:22:00Z,2026-08-31T12:22:00-04:00,2026-08-31,^TNX,4.762000,4.764000,4.762000,4.764000
2026-08-31T16:22:00Z,2026-08-31T12:22:00-04:00,2026-08-31,^TYX,5.262000,5.264000,5.262000,5.264000
2026-08-31T16:23:00Z,2026-08-31T12:23:00-04:00,2026-08-31,^TNX,4.762000,4.762000,4.762000,4.762000
2026-08-31T16:23:00Z,2026-08-31T12:23:00-04:00,2026-08-31,^TYX,5.263000,5.263000,5.262000,5.263000
2026-08-31T16:24:00Z,2026-08-31T12:24:00-04:00,2026-08-31,^TNX,4.762000,4.762000,4.762000,4.762000
2026-08-31T16:24:00Z,2026-08-31T12:24:00-04:00,2026-08-31,^TYX,5.262000,5.262000,5.262000,5.262000
2026-08-31T16:25:00Z,2026-08-31T12:25:00-04:00,2026-08-31,^TNX,4.762000,4.762000,4.762000,4.762000
2026-08-31T16:25:00Z,2026-08-31T12:25:00-04:00,2026-08-31,^TYX,5.262000,5.263000,5.262000,5.263000
2026-08-31T16:26:00Z,2026-08-31T12:26:00-04:00,2026-08-31,^TNX,4.762000,4.762000,4.760000,4.760000
2026-08-31T16:26:00Z,2026-08-31T12:26:00-04:00,2026-08-31,^TYX,5.263000,5.263000,5.262000,5.262000
2026-08-31T16:27:00Z,2026-08-31T12:27:00-04:00,2026-08-31,^TNX,4.760000,4.762000,4.760000,4.760000
2026-08-31T16:27:00Z,2026-08-31T12:27:00-04:00,2026-08-31,^TYX,5.261000,5.262000,5.261000,5.262000
2026-08-31T16:28:00Z,2026-08-31T12:28:00-04:00,2026-08-31,^TNX,4.762000,4.762000,4.760000,4.760000
2026-08-31T16:28:00Z,2026-08-31T12:28:00-04:00,2026-08-31,^TYX,5.261000,5.261000,5.261000,5.261000
2026-08-31T16:29:00Z,2026-08-31T12:29:00-04:00,2026-08-31,^TNX,4.760000,4.760000,4.760000,4.760000
2026-08-31T16:29:00Z,2026-08-31T12:29:00-04:00,2026-08-31,^TYX,5.261000,5.262000,5.261000,5.262000
2026-08-31T16:30:00Z,2026-08-31T12:30:00-04:00,2026-08-31,^TNX,4.760000,4.760000,4.760000,4.760000
2026-08-31T16:30:00Z,2026-08-31T12:30:00-04:00,2026-08-31,^TYX,5.261000,5.261000,5.261000,5.261000
2026-08-31T16:31:00Z,2026-08-31T12:31:00-04:00,2026-08-31,^TNX,4.760000,4.760000,4.760000,4.760000
2026-08-31T16:31:00Z,2026-08-31T12:31:00-04:00,2026-08-31,^TYX,5.261000,5.262000,5.261000,5.262000
2026-08-31T16:32:00Z,2026-08-31T12:32:00-04:00,2026-08-31,^TNX,4.760000,4.760000,4.760000,4.760000
2026-08-31T16:32:00Z,2026-08-31T12:32:00-04:00,2026-08-31,^TYX,5.262000,5.262000,5.260000,5.260000
2026-08-31T16:33:00Z,2026-08-31T12:33:00-04:00,2026-08-31,^TNX,4.760000,4.760000,4.760000,4.760000
2026-08-31T16:33:00Z,2026-08-31T12:33:00-04:00,2026-08-31,^TYX,5.260000,5.260000,5.259000,5.259000
2026-08-31T16:34:00Z,2026-08-31T12:34:00-04:00,2026-08-31,^TNX,4.760000,4.760000,4.760000,4.760000
2026-08-31T16:34:00Z,2026-08-31T12:34:00-04:00,2026-08-31,^TYX,5.258000,5.258000,5.258000,5.258000
2026-08-31T16:35:00Z,2026-08-31T12:35:00-04:00,2026-08-31,^TNX,4.760000,4.760000,4.760000,4.760000
2026-08-31T16:35:00Z,2026-08-31T12:35:00-04:00,2026-08-31,^TYX,5.258000,5.259000,5.258000,5.258000
2026-08-31T16:36:00Z,2026-08-31T12:36:00-04:00,2026-08-31,^TNX,4.760000,4.760000,4.760000,4.760000
2026-08-31T16:36:00Z,2026-08-31T12:36:00-04:00,2026-08-31,^TYX,5.258000,5.259000,5.258000,5.259000
2026-08-31T16:37:00Z,2026-08-31T12:37:00-04:00,2026-08-31,^TNX,4.760000,4.760000,4.760000,4.760000
2026-08-31T16:37:00Z,2026-08-31T12:37:00-04:00,2026-08-31,^TYX,5.259000,5.261000,5.259000,5.261000
2026-08-31T16:38:00Z,2026-08-31T12:38:00-04:00,2026-08-31,^TNX,4.760000,4.760000,4.760000,4.760000
2026-08-31T16:38:00Z,2026-08-31T12:38:00-04:00,2026-08-31,^TYX,5.261000,5.261000,5.260000,5.260000
2026-08-31T16:39:00Z,2026-08-31T12:39:00-04:00,2026-08-31,^TNX,4.760000,4.760000,4.760000,4.760000
2026-08-31T16:39:00Z,2026-08-31T12:39:00-04:00,2026-08-31,^TYX,5.260000,5.260000,5.260000,5.260000
2026-08-31T16:40:00Z,2026-08-31T12:40:00-04:00,2026-08-31,^TNX,4.760000,4.760000,4.760000,4.760000
2026-08-31T16:40:00Z,2026-08-31T12:40:00-04:00,2026-08-31,^TYX,5.260000,5.260000,5.259000,5.259000
2026-08-31T16:41:00Z,2026-08-31T12:41:00-04:00,2026-08-31,^TNX,4.760000,4.760000,4.758000,4.760000
2026-08-31T16:41:00Z,2026-08-31T12:41:00-04:00,2026-08-31,^TYX,5.259000,5.259000,5.257000,5.257000
2026-08-31T16:42:00Z,2026-08-31T12:42:00-04:00,2026-08-31,^TNX,4.760000,4.760000,4.760000,4.760000
2026-08-31T16:42:00Z,2026-08-31T12:42:00-04:00,2026-08-31,^TYX,5.257000,5.258000,5.257000,5.258000
2026-08-31T16:43:00Z,2026-08-31T12:43:00-04:00,2026-08-31,^TNX,4.760000,4.760000,4.760000,4.760000
2026-08-31T16:43:00Z,2026-08-31T12:43:00-04:00,2026-08-31,^TYX,5.258000,5.259000,5.258000,5.258000
2026-08-31T16:44:00Z,2026-08-31T12:44:00-04:00,2026-08-31,^TNX,4.760000,4.760000,4.760000,4.760000
2026-08-31T16:44:00Z,2026-08-31T12:44:00-04:00,2026-08-31,^TYX,5.258000,5.258000,5.258000,5.258000
2026-08-31T16:45:00Z,2026-08-31T12:45:00-04:00,2026-08-31,^TNX,4.760000,4.760000,4.760000,4.760000
2026-08-31T16:45:00Z,2026-08-31T12:45:00-04:00,2026-08-31,^TYX,5.258000,5.258000,5.257000,5.258000
2026-08-31T16:46:00Z,2026-08-31T12:46:00-04:00,2026-08-31,^TNX,4.760000,4.760000,4.760000,4.760000
2026-08-31T16:46:00Z,2026-08-31T12:46:00-04:00,2026-08-31,^TYX,5.258000,5.258000,5.256000,5.256000
2026-08-31T16:47:00Z,2026-08-31T12:47:00-04:00,2026-08-31,^TNX,4.760000,4.760000,4.760000,4.760000
2026-08-31T16:47:00Z,2026-08-31T12:47:00-04:00,2026-08-31,^TYX,5.256000,5.256000,5.256000,5.256000
2026-08-31T16:48:00Z,2026-08-31T12:48:00-04:00,2026-08-31,^TNX,4.760000,4.760000,4.760000,4.760000
2026-08-31T16:48:00Z,2026-08-31T12:48:00-04:00,2026-08-31,^TYX,5.256000,5.256000,5.255000,5.255000
2026-08-31T16:49:00Z,2026-08-31T12:49:00-04:00,2026-08-31,^TNX,4.760000,4.760000,4.760000,4.760000
2026-08-31T16:49:00Z,2026-08-31T12:49:00-04:00,2026-08-31,^TYX,5.255000,5.256000,5.255000,5.255000
2026-08-31T16:50:00Z,2026-08-31T12:50:00-04:00,2026-08-31,^TNX,4.760000,4.760000,4.760000,4.760000
2026-08-31T16:50:00Z,2026-08-31T12:50:00-04:00,2026-08-31,^TYX,5.255000,5.255000,5.254000,5.254000
2026-08-31T16:51:00Z,2026-08-31T12:51:00-04:00,2026-08-31,^TNX,4.758000,4.758000,4.758000,4.758000
2026-08-31T16:51:00Z,2026-08-31T12:51:00-04:00,2026-08-31,^TYX,5.254000,5.254000,5.254000,5.254000
2026-08-31T16:52:00Z,2026-08-31T12:52:00-04:00,2026-08-31,^TNX,4.758000,4.758000,4.756000,4.756000
2026-08-31T16:52:00Z,2026-08-31T12:52:00-04:00,2026-08-31,^TYX,5.254000,5.254000,5.252000,5.252000
2026-08-31T16:53:00Z,2026-08-31T12:53:00-04:00,2026-08-31,^TNX,4.756000,4.756000,4.756000,4.756000
2026-08-31T16:53:00Z,2026-08-31T12:53:00-04:00,2026-08-31,^TYX,5.252000,5.252000,5.251000,5.252000
2026-08-31T16:54:00Z,2026-08-31T12:54:00-04:00,2026-08-31,^TNX,4.756000,4.756000,4.756000,4.756000
2026-08-31T16:54:00Z,2026-08-31T12:54:00-04:00,2026-08-31,^TYX,5.252000,5.253000,5.252000,5.252000
2026-08-31T16:55:00Z,2026-08-31T12:55:00-04:00,2026-08-31,^TNX,4.756000,4.756000,4.756000,4.756000
2026-08-31T16:55:00Z,2026-08-31T12:55:00-04:00,2026-08-31,^TYX,5.252000,5.253000,5.252000,5.252000
2026-08-31T16:56:00Z,2026-08-31T12:56:00-04:00,2026-08-31,^TNX,4.756000,4.756000,4.756000,4.756000
2026-08-31T16:56:00Z,2026-08-31T12:56:00-04:00,2026-08-31,^TYX,5.252000,5.252000,5.251000,5.252000
2026-08-31T16:57:00Z,2026-08-31T12:57:00-04:00,2026-08-31,^TNX,4.756000,4.756000,4.756000,4.756000
2026-08-31T16:57:00Z,2026-08-31T12:57:00-04:00,2026-08-31,^TYX,5.252000,5.252000,5.252000,5.252000
2026-08-31T16:58:00Z,2026-08-31T12:58:00-04:00,2026-08-31,^TNX,4.756000,4.756000,4.756000,4.756000
2026-08-31T16:58:00Z,2026-08-31T12:58:00-04:00,2026-08-31,^TYX,5.252000,5.252000,5.251000,5.252000
2026-08-31T16:59:00Z,2026-08-31T12:59:00-04:00,2026-08-31,^TNX,4.756000,4.756000,4.756000,4.756000
2026-08-31T16:59:00Z,2026-08-31T12:59:00-04:00,2026-08-31,^TYX,5.252000,5.252000,5.251000,5.251000
2026-08-31T17:00:00Z,2026-08-31T13:00:00-04:00,2026-08-31,^TNX,4.756000,4.756000,4.756000,4.756000
2026-08-31T17:00:00Z,2026-08-31T13:00:00-04:00,2026-08-31,^TYX,5.252000,5.253000,5.252000,5.253000
2026-08-31T17:01:00Z,2026-08-31T13:01:00-04:00,2026-08-31,^TNX,4.756000,4.756000,4.756000,4.756000
2026-08-31T17:01:00Z,2026-08-31T13:01:00-04:00,2026-08-31,^TYX,5.253000,5.255000,5.253000,5.255000
2026-08-31T17:02:00Z,2026-08-31T13:02:00-04:00,2026-08-31,^TNX,4.756000,4.756000,4.756000,4.756000
2026-08-31T17:02:00Z,2026-08-31T13:02:00-04:00,2026-08-31,^TYX,5.255000,5.255000,5.254000,5.254000
2026-08-31T17:03:00Z,2026-08-31T13:03:00-04:00,2026-08-31,^TNX,4.756000,4.756000,4.756000,4.756000
2026-08-31T17:03:00Z,2026-08-31T13:03:00-04:00,2026-08-31,^TYX,5.254000,5.254000,5.254000,5.254000
2026-08-31T17:04:00Z,2026-08-31T13:04:00-04:00,2026-08-31,^TNX,4.756000,4.756000,4.756000,4.756000
2026-08-31T17:04:00Z,2026-08-31T13:04:00-04:00,2026-08-31,^TYX,5.254000,5.255000,5.254000,5.255000
2026-08-31T17:05:00Z,2026-08-31T13:05:00-04:00,2026-08-31,^TNX,4.756000,4.756000,4.756000,4.756000
2026-08-31T17:05:00Z,2026-08-31T13:05:00-04:00,2026-08-31,^TYX,5.255000,5.255000,5.254000,5.255000
2026-08-31T17:06:00Z,2026-08-31T13:06:00-04:00,2026-08-31,^TNX,4.756000,4.756000,4.754000,4.754000
2026-08-31T17:06:00Z,2026-08-31T13:06:00-04:00,2026-08-31,^TYX,5.255000,5.255000,5.253000,5.253000
2026-08-31T17:07:00Z,2026-08-31T13:07:00-04:00,2026-08-31,^TNX,4.756000,4.756000,4.756000,4.756000
2026-08-31T17:07:00Z,2026-08-31T13:07:00-04:00,2026-08-31,^TYX,5.253000,5.255000,5.253000,5.255000
2026-08-31T17:08:00Z,2026-08-31T13:08:00-04:00,2026-08-31,^TNX,4.756000,4.756000,4.756000,4.756000
2026-08-31T17:08:00Z,2026-08-31T13:08:00-04:00,2026-08-31,^TYX,5.255000,5.258000,5.255000,5.258000
2026-08-31T17:09:00Z,2026-08-31T13:09:00-04:00,2026-08-31,^TNX,4.758000,4.758000,4.756000,4.756000
2026-08-31T17:09:00Z,2026-08-31T13:09:00-04:00,2026-08-31,^TYX,5.257000,5.257000,5.255000,5.255000
2026-08-31T17:10:00Z,2026-08-31T13:10:00-04:00,2026-08-31,^TNX,4.756000,4.756000,4.756000,4.756000
2026-08-31T17:10:00Z,2026-08-31T13:10:00-04:00,2026-08-31,^TYX,5.255000,5.256000,5.254000,5.255000
2026-08-31T17:11:00Z,2026-08-31T13:11:00-04:00,2026-08-31,^TNX,4.756000,4.756000,4.756000,4.756000
2026-08-31T17:11:00Z,2026-08-31T13:11:00-04:00,2026-08-31,^TYX,5.255000,5.255000,5.254000,5.255000
2026-08-31T17:12:00Z,2026-08-31T13:12:00-04:00,2026-08-31,^TNX,4.756000,4.756000,4.756000,4.756000
2026-08-31T17:12:00Z,2026-08-31T13:12:00-04:00,2026-08-31,^TYX,5.254000,5.256000,5.254000,5.256000
2026-08-31T17:13:00Z,2026-08-31T13:13:00-04:00,2026-08-31,^TNX,4.756000,4.756000,4.756000,4.756000
2026-08-31T17:13:00Z,2026-08-31T13:13:00-04:00,2026-08-31,^TYX,5.255000,5.255000,5.255000,5.255000
2026-08-31T17:14:00Z,2026-08-31T13:14:00-04:00,2026-08-31,^TNX,4.756000,4.756000,4.756000,4.756000
2026-08-31T17:14:00Z,2026-08-31T13:14:00-04:00,2026-08-31,^TYX,5.255000,5.255000,5.254000,5.254000
2026-08-31T17:15:00Z,2026-08-31T13:15:00-04:00,2026-08-31,^TNX,4.756000,4.756000,4.756000,4.756000
2026-08-31T17:15:00Z,2026-08-31T13:15:00-04:00,2026-08-31,^TYX,5.254000,5.254000,5.254000,5.254000
2026-08-31T17:16:00Z,2026-08-31T13:16:00-04:00,2026-08-31,^TNX,4.756000,4.756000,4.754000,4.754000
2026-08-31T17:16:00Z,2026-08-31T13:16:00-04:00,2026-08-31,^TYX,5.254000,5.254000,5.253000,5.253000
2026-08-31T17:17:00Z,2026-08-31T13:17:00-04:00,2026-08-31,^TNX,4.754000,4.754000,4.754000,4.754000
2026-08-31T17:17:00Z,2026-08-31T13:17:00-04:00,2026-08-31,^TYX,5.253000,5.253000,5.253000,5.253000
2026-08-31T17:18:00Z,2026-08-31T13:18:00-04:00,2026-08-31,^TNX,4.754000,4.756000,4.754000,4.756000
2026-08-31T17:18:00Z,2026-08-31T13:18:00-04:00,2026-08-31,^TYX,5.253000,5.254000,5.253000,5.253000
2026-08-31T17:19:00Z,2026-08-31T13:19:00-04:00,2026-08-31,^TNX,4.756000,4.756000,4.754000,4.754000
2026-08-31T17:19:00Z,2026-08-31T13:19:00-04:00,2026-08-31,^TYX,5.253000,5.254000,5.253000,5.253000
2026-08-31T17:20:00Z,2026-08-31T13:20:00-04:00,2026-08-31,^TNX,4.756000,4.756000,4.756000,4.756000
2026-08-31T17:20:00Z,2026-08-31T13:20:00-04:00,2026-08-31,^TYX,5.253000,5.253000,5.253000,5.253000
2026-08-31T17:21:00Z,2026-08-31T13:21:00-04:00,2026-08-31,^TNX,4.756000,4.756000,4.756000,4.756000
2026-08-31T17:21:00Z,2026-08-31T13:21:00-04:00,2026-08-31,^TYX,5.253000,5.253000,5.252000,5.252000
2026-08-31T17:22:00Z,2026-08-31T13:22:00-04:00,2026-08-31,^TNX,4.756000,4.756000,4.754000,4.754000
2026-08-31T17:22:00Z,2026-08-31T13:22:00-04:00,2026-08-31,^TYX,5.252000,5.252000,5.251000,5.251000
2026-08-31T17:23:00Z,2026-08-31T13:23:00-04:00,2026-08-31,^TNX,4.754000,4.754000,4.754000,4.754000
2026-08-31T17:23:00Z,2026-08-31T13:23:00-04:00,2026-08-31,^TYX,5.252000,5.252000,5.251000,5.251000
2026-08-31T17:24:00Z,2026-08-31T13:24:00-04:00,2026-08-31,^TNX,4.754000,4.754000,4.754000,4.754000
2026-08-31T17:24:00Z,2026-08-31T13:24:00-04:00,2026-08-31,^TYX,5.251000,5.251000,5.251000,5.251000
2026-08-31T17:25:00Z,2026-08-31T13:25:00-04:00,2026-08-31,^TNX,4.754000,4.754000,4.754000,4.754000
2026-08-31T17:25:00Z,2026-08-31T13:25:00-04:00,2026-08-31,^TYX,5.251000,5.252000,5.251000,5.252000
2026-08-31T17:26:00Z,2026-08-31T13:26:00-04:00,2026-08-31,^TNX,4.754000,4.756000,4.754000,4.756000
2026-08-31T17:26:00Z,2026-08-31T13:26:00-04:00,2026-08-31,^TYX,5.252000,5.253000,5.252000,5.253000
2026-08-31T17:27:00Z,2026-08-31T13:27:00-04:00,2026-08-31,^TNX,4.756000,4.756000,4.756000,4.756000
2026-08-31T17:27:00Z,2026-08-31T13:27:00-04:00,2026-08-31,^TYX,5.253000,5.253000,5.253000,5.253000
2026-08-31T17:28:00Z,2026-08-31T13:28:00-04:00,2026-08-31,^TNX,4.756000,4.756000,4.756000,4.756000
2026-08-31T17:28:00Z,2026-08-31T13:28:00-04:00,2026-08-31,^TYX,5.253000,5.254000,5.253000,5.254000
2026-08-31T17:29:00Z,2026-08-31T13:29:00-04:00,2026-08-31,^TNX,4.756000,4.756000,4.756000,4.756000
2026-08-31T17:29:00Z,2026-08-31T13:29:00-04:00,2026-08-31,^TYX,5.253000,5.254000,5.253000,5.253000
2026-08-31T17:30:00Z,2026-08-31T13:30:00-04:00,2026-08-31,^TNX,4.756000,4.756000,4.756000,4.756000
2026-08-31T17:30:00Z,2026-08-31T13:30:00-04:00,2026-08-31,^TYX,5.253000,5.253000,5.253000,5.253000
2026-08-31T17:31:00Z,2026-08-31T13:31:00-04:00,2026-08-31,^TNX,4.756000,4.756000,4.756000,4.756000
2026-08-31T17:31:00Z,2026-08-31T13:31:00-04:00,2026-08-31,^TYX,5.253000,5.254000,5.253000,5.254000
2026-08-31T17:32:00Z,2026-08-31T13:32:00-04:00,2026-08-31,^TNX,4.756000,4.756000,4.756000,4.756000
2026-08-31T17:32:00Z,2026-08-31T13:32:00-04:00,2026-08-31,^TYX,5.254000,5.254000,5.253000,5.253000
2026-08-31T17:33:00Z,2026-08-31T13:33:00-04:00,2026-08-31,^TNX,4.756000,4.756000,4.756000,4.756000
2026-08-31T17:33:00Z,2026-08-31T13:33:00-04:00,2026-08-31,^TYX,5.253000,5.253000,5.253000,5.253000
2026-08-31T17:34:00Z,2026-08-31T13:34:00-04:00,2026-08-31,^TNX,4.756000,4.756000,4.756000,4.756000
2026-08-31T17:34:00Z,2026-08-31T13:34:00-04:00,2026-08-31,^TYX,5.253000,5.253000,5.252000,5.252000
2026-08-31T17:35:00Z,2026-08-31T13:35:00-04:00,2026-08-31,^TNX,4.756000,4.756000,4.756000,4.756000
2026-08-31T17:35:00Z,2026-08-31T13:35:00-04:00,2026-08-31,^TYX,5.252000,5.253000,5.252000,5.253000
2026-08-31T17:36:00Z,2026-08-31T13:36:00-04:00,2026-08-31,^TNX,4.756000,4.756000,4.756000,4.756000
2026-08-31T17:36:00Z,2026-08-31T13:36:00-04:00,2026-08-31,^TYX,5.253000,5.253000,5.253000,5.253000
2026-08-31T17:37:00Z,2026-08-31T13:37:00-04:00,2026-08-31,^TNX,4.756000,4.758000,4.756000,4.758000
2026-08-31T17:37:00Z,2026-08-31T13:37:00-04:00,2026-08-31,^TYX,5.253000,5.255000,5.253000,5.255000
2026-08-31T17:38:00Z,2026-08-31T13:38:00-04:00,2026-08-31,^TNX,4.758000,4.758000,4.756000,4.756000
2026-08-31T17:38:00Z,2026-08-31T13:38:00-04:00,2026-08-31,^TYX,5.255000,5.255000,5.254000,5.255000
2026-08-31T17:39:00Z,2026-08-31T13:39:00-04:00,2026-08-31,^TNX,4.756000,4.758000,4.756000,4.758000
2026-08-31T17:39:00Z,2026-08-31T13:39:00-04:00,2026-08-31,^TYX,5.254000,5.255000,5.254000,5.255000
2026-08-31T17:40:00Z,2026-08-31T13:40:00-04:00,2026-08-31,^TNX,4.758000,4.758000,4.756000,4.756000
2026-08-31T17:40:00Z,2026-08-31T13:40:00-04:00,2026-08-31,^TYX,5.255000,5.255000,5.255000,5.255000
2026-08-31T17:41:00Z,2026-08-31T13:41:00-04:00,2026-08-31,^TNX,4.756000,4.756000,4.756000,4.756000
2026-08-31T17:41:00Z,2026-08-31T13:41:00-04:00,2026-08-31,^TYX,5.255000,5.255000,5.254000,5.254000
2026-08-31T17:42:00Z,2026-08-31T13:42:00-04:00,2026-08-31,^TNX,4.756000,4.756000,4.756000,4.756000
2026-08-31T17:42:00Z,2026-08-31T13:42:00-04:00,2026-08-31,^TYX,5.254000,5.255000,5.254000,5.255000
2026-08-31T17:43:00Z,2026-08-31T13:43:00-04:00,2026-08-31,^TNX,4.756000,4.756000,4.756000,4.756000
2026-08-31T17:43:00Z,2026-08-31T13:43:00-04:00,2026-08-31,^TYX,5.255000,5.256000,5.255000,5.255000
2026-08-31T17:44:00Z,2026-08-31T13:44:00-04:00,2026-08-31,^TNX,4.756000,4.756000,4.756000,4.756000
2026-08-31T17:44:00Z,2026-08-31T13:44:00-04:00,2026-08-31,^TYX,5.255000,5.255000,5.255000,5.255000
2026-08-31T17:45:00Z,2026-08-31T13:45:00-04:00,2026-08-31,^TNX,4.756000,4.756000,4.756000,4.756000
2026-08-31T17:45:00Z,2026-08-31T13:45:00-04:00,2026-08-31,^TYX,5.255000,5.255000,5.255000,5.255000
2026-08-31T17:46:00Z,2026-08-31T13:46:00-04:00,2026-08-31,^TNX,4.756000,4.758000,4.756000,4.756000
2026-08-31T17:46:00Z,2026-08-31T13:46:00-04:00,2026-08-31,^TYX,5.255000,5.255000,5.255000,5.255000
2026-08-31T17:47:00Z,2026-08-31T13:47:00-04:00,2026-08-31,^TNX,4.756000,4.758000,4.756000,4.756000
2026-08-31T17:47:00Z,2026-08-31T13:47:00-04:00,2026-08-31,^TYX,5.255000,5.255000,5.254000,5.254000
2026-08-31T17:48:00Z,2026-08-31T13:48:00-04:00,2026-08-31,^TNX,4.756000,4.758000,4.756000,4.758000
2026-08-31T17:48:00Z,2026-08-31T13:48:00-04:00,2026-08-31,^TYX,5.254000,5.255000,5.254000,5.255000
2026-08-31T17:49:00Z,2026-08-31T13:49:00-04:00,2026-08-31,^TNX,4.758000,4.758000,4.758000,4.758000
2026-08-31T17:49:00Z,2026-08-31T13:49:00-04:00,2026-08-31,^TYX,5.255000,5.255000,5.255000,5.255000
2026-08-31T17:50:00Z,2026-08-31T13:50:00-04:00,2026-08-31,^TNX,4.758000,4.758000,4.756000,4.756000
2026-08-31T17:50:00Z,2026-08-31T13:50:00-04:00,2026-08-31,^TYX,5.255000,5.255000,5.254000,5.254000
2026-08-31T17:51:00Z,2026-08-31T13:51:00-04:00,2026-08-31,^TNX,4.756000,4.756000,4.756000,4.756000
2026-08-31T17:51:00Z,2026-08-31T13:51:00-04:00,2026-08-31,^TYX,5.253000,5.254000,5.253000,5.254000
2026-08-31T17:52:00Z,2026-08-31T13:52:00-04:00,2026-08-31,^TNX,4.756000,4.758000,4.756000,4.758000
2026-08-31T17:52:00Z,2026-08-31T13:52:00-04:00,2026-08-31,^TYX,5.254000,5.254000,5.254000,5.254000
2026-08-31T17:53:00Z,2026-08-31T13:53:00-04:00,2026-08-31,^TNX,4.758000,4.758000,4.758000,4.758000
2026-08-31T17:53:00Z,2026-08-31T13:53:00-04:00,2026-08-31,^TYX,5.254000,5.255000,5.254000,5.255000
2026-08-31T17:54:00Z,2026-08-31T13:54:00-04:00,2026-08-31,^TNX,4.758000,4.758000,4.758000,4.758000
2026-08-31T17:54:00Z,2026-08-31T13:54:00-04:00,2026-08-31,^TYX,5.255000,5.255000,5.255000,5.255000
2026-08-31T17:55:00Z,2026-08-31T13:55:00-04:00,2026-08-31,^TNX,4.758000,4.758000,4.756000,4.756000
2026-08-31T17:55:00Z,2026-08-31T13:55:00-04:00,2026-08-31,^TYX,5.254000,5.254000,5.253000,5.253000
2026-08-31T17:56:00Z,2026-08-31T13:56:00-04:00,2026-08-31,^TNX,4.756000,4.756000,4.756000,4.756000
2026-08-31T17:56:00Z,2026-08-31T13:56:00-04:00,2026-08-31,^TYX,5.253000,5.253000,5.253000,5.253000
2026-08-31T17:57:00Z,2026-08-31T13:57:00-04:00,2026-08-31,^TNX,4.756000,4.756000,4.756000,4.756000
2026-08-31T17:57:00Z,2026-08-31T13:57:00-04:00,2026-08-31,^TYX,5.253000,5.253000,5.253000,5.253000
2026-08-31T17:58:00Z,2026-08-31T13:58:00-04:00,2026-08-31,^TNX,4.756000,4.756000,4.756000,4.756000
2026-08-31T17:58:00Z,2026-08-31T13:58:00-04:00,2026-08-31,^TYX,5.253000,5.253000,5.253000,5.253000
2026-08-31T17:59:00Z,2026-08-31T13:59:00-04:00,2026-08-31,^TNX,4.756000,4.756000,4.756000,4.756000
2026-08-31T17:59:00Z,2026-08-31T13:59:00-04:00,2026-08-31,^TYX,5.253000,5.253000,5.252000,5.252000
2026-08-31T18:00:00Z,2026-08-31T14:00:00-04:00,2026-08-31,^TNX,4.756000,4.756000,4.756000,4.756000
2026-08-31T18:00:00Z,2026-08-31T14:00:00-04:00,2026-08-31,^TYX,5.252000,5.253000,5.252000,5.252000
2026-08-31T18:01:00Z,2026-08-31T14:01:00-04:00,2026-08-31,^TNX,4.756000,4.756000,4.756000,4.756000
2026-08-31T18:01:00Z,2026-08-31T14:01:00-04:00,2026-08-31,^TYX,5.252000,5.252000,5.252000,5.252000
2026-08-31T18:02:00Z,2026-08-31T14:02:00-04:00,2026-08-31,^TNX,4.756000,4.756000,4.756000,4.756000
2026-08-31T18:02:00Z,2026-08-31T14:02:00-04:00,2026-08-31,^TYX,5.252000,5.252000,5.251000,5.251000
2026-08-31T18:03:00Z,2026-08-31T14:03:00-04:00,2026-08-31,^TNX,4.756000,4.756000,4.756000,4.756000
2026-08-31T18:03:00Z,2026-08-31T14:03:00-04:00,2026-08-31,^TYX,5.252000,5.252000,5.252000,5.252000
2026-08-31T18:04:00Z,2026-08-31T14:04:00-04:00,2026-08-31,^TNX,4.756000,4.758000,4.756000,4.758000
2026-08-31T18:04:00Z,2026-08-31T14:04:00-04:00,2026-08-31,^TYX,5.252000,5.254000,5.252000,5.254000
2026-08-31T18:05:00Z,2026-08-31T14:05:00-04:00,2026-08-31,^TNX,4.758000,4.758000,4.758000,4.758000
2026-08-31T18:05:00Z,2026-08-31T14:05:00-04:00,2026-08-31,^TYX,5.254000,5.254000,5.254000,5.254000
2026-08-31T18:06:00Z,2026-08-31T14:06:00-04:00,2026-08-31,^TNX,4.760000,4.760000,4.758000,4.758000
2026-08-31T18:06:00Z,2026-08-31T14:06:00-04:00,2026-08-31,^TYX,5.256000,5.256000,5.254000,5.254000
2026-08-31T18:07:00Z,2026-08-31T14:07:00-04:00,2026-08-31,^TNX,4.758000,4.758000,4.758000,4.758000
2026-08-31T18:07:00Z,2026-08-31T14:07:00-04:00,2026-08-31,^TYX,5.254000,5.254000,5.254000,5.254000
2026-08-31T18:08:00Z,2026-08-31T14:08:00-04:00,2026-08-31,^TNX,4.758000,4.758000,4.758000,4.758000
2026-08-31T18:08:00Z,2026-08-31T14:08:00-04:00,2026-08-31,^TYX,5.254000,5.254000,5.254000,5.254000
2026-08-31T18:09:00Z,2026-08-31T14:09:00-04:00,2026-08-31,^TNX,4.758000,4.758000,4.758000,4.758000
2026-08-31T18:09:00Z,2026-08-31T14:09:00-04:00,2026-08-31,^TYX,5.254000,5.255000,5.254000,5.255000
2026-08-31T18:10:00Z,2026-08-31T14:10:00-04:00,2026-08-31,^TNX,4.758000,4.758000,4.758000,4.758000
2026-08-31T18:10:00Z,2026-08-31T14:10:00-04:00,2026-08-31,^TYX,5.255000,5.255000,5.255000,5.255000
2026-08-31T18:11:00Z,2026-08-31T14:11:00-04:00,2026-08-31,^TNX,4.758000,4.760000,4.758000,4.758000
2026-08-31T18:11:00Z,2026-08-31T14:11:00-04:00,2026-08-31,^TYX,5.255000,5.256000,5.255000,5.256000
2026-08-31T18:12:00Z,2026-08-31T14:12:00-04:00,2026-08-31,^TNX,4.758000,4.758000,4.758000,4.758000
2026-08-31T18:12:00Z,2026-08-31T14:12:00-04:00,2026-08-31,^TYX,5.255000,5.256000,5.255000,5.256000
2026-08-31T18:13:00Z,2026-08-31T14:13:00-04:00,2026-08-31,^TNX,4.758000,4.758000,4.758000,4.758000
2026-08-31T18:13:00Z,2026-08-31T14:13:00-04:00,2026-08-31,^TYX,5.256000,5.256000,5.256000,5.256000
2026-08-31T18:14:00Z,2026-08-31T14:14:00-04:00,2026-08-31,^TNX,4.758000,4.758000,4.758000,4.758000
2026-08-31T18:14:00Z,2026-08-31T14:14:00-04:00,2026-08-31,^TYX,5.256000,5.256000,5.256000,5.256000
2026-08-31T18:15:00Z,2026-08-31T14:15:00-04:00,2026-08-31,^TNX,4.758000,4.758000,4.756000,4.756000
2026-08-31T18:15:00Z,2026-08-31T14:15:00-04:00,2026-08-31,^TYX,5.256000,5.256000,5.255000,5.255000
2026-08-31T18:16:00Z,2026-08-31T14:16:00-04:00,2026-08-31,^TNX,4.756000,4.756000,4.756000,4.756000
2026-08-31T18:16:00Z,2026-08-31T14:16:00-04:00,2026-08-31,^TYX,5.255000,5.255000,5.254000,5.254000
2026-08-31T18:17:00Z,2026-08-31T14:17:00-04:00,2026-08-31,^TNX,4.756000,4.756000,4.756000,4.756000
2026-08-31T18:17:00Z,2026-08-31T14:17:00-04:00,2026-08-31,^TYX,5.254000,5.255000,5.254000,5.255000
2026-08-31T18:18:00Z,2026-08-31T14:18:00-04:00,2026-08-31,^TNX,4.758000,4.758000,4.758000,4.758000
2026-08-31T18:18:00Z,2026-08-31T14:18:00-04:00,2026-08-31,^TYX,5.255000,5.256000,5.255000,5.256000
2026-08-31T18:19:00Z,2026-08-31T14:19:00-04:00,2026-08-31,^TNX,4.758000,4.758000,4.758000,4.758000
2026-08-31T18:19:00Z,2026-08-31T14:19:00-04:00,2026-08-31,^TYX,5.256000,5.256000,5.256000,5.256000
2026-08-31T18:20:00Z,2026-08-31T14:20:00-04:00,2026-08-31,^TNX,4.760000,4.760000,4.758000,4.758000
2026-08-31T18:20:00Z,2026-08-31T14:20:00-04:00,2026-08-31,^TYX,5.257000,5.257000,5.256000,5.256000
2026-08-31T18:21:00Z,2026-08-31T14:21:00-04:00,2026-08-31,^TNX,4.758000,4.760000,4.758000,4.760000
2026-08-31T18:21:00Z,2026-08-31T14:21:00-04:00,2026-08-31,^TYX,5.256000,5.258000,5.256000,5.258000
2026-08-31T18:22:00Z,2026-08-31T14:22:00-04:00,2026-08-31,^TNX,4.760000,4.760000,4.760000,4.760000
2026-08-31T18:22:00Z,2026-08-31T14:22:00-04:00,2026-08-31,^TYX,5.257000,5.258000,5.257000,5.257000
2026-08-31T18:23:00Z,2026-08-31T14:23:00-04:00,2026-08-31,^TNX,4.760000,4.760000,4.760000,4.760000
2026-08-31T18:23:00Z,2026-08-31T14:23:00-04:00,2026-08-31,^TYX,5.257000,5.258000,5.257000,5.258000
2026-08-31T18:24:00Z,2026-08-31T14:24:00-04:00,2026-08-31,^TNX,4.760000,4.760000,4.760000,4.760000
2026-08-31T18:24:00Z,2026-08-31T14:24:00-04:00,2026-08-31,^TYX,5.258000,5.258000,5.257000,5.257000
2026-08-31T18:25:00Z,2026-08-31T14:25:00-04:00,2026-08-31,^TNX,4.760000,4.760000,4.760000,4.760000
2026-08-31T18:25:00Z,2026-08-31T14:25:00-04:00,2026-08-31,^TYX,5.257000,5.258000,5.257000,5.258000
2026-08-31T18:26:00Z,2026-08-31T14:26:00-04:00,2026-08-31,^TNX,4.760000,4.760000,4.760000,4.760000
2026-08-31T18:26:00Z,2026-08-31T14:26:00-04:00,2026-08-31,^TYX,5.258000,5.258000,5.257000,5.257000
2026-08-31T18:27:00Z,2026-08-31T14:27:00-04:00,2026-08-31,^TNX,4.760000,4.760000,4.760000,4.760000
2026-08-31T18:27:00Z,2026-08-31T14:27:00-04:00,2026-08-31,^TYX,5.257000,5.258000,5.256000,5.256000
2026-08-31T18:28:00Z,2026-08-31T14:28:00-04:00,2026-08-31,^TNX,4.760000,4.760000,4.758000,4.758000
2026-08-31T18:28:00Z,2026-08-31T14:28:00-04:00,2026-08-31,^TYX,5.256000,5.256000,5.255000,5.255000
2026-08-31T18:29:00Z,2026-08-31T14:29:00-04:00,2026-08-31,^TNX,4.758000,4.760000,4.758000,4.760000
2026-08-31T18:29:00Z,2026-08-31T14:29:00-04:00,2026-08-31,^TYX,5.255000,5.256000,5.255000,5.256000
2026-08-31T18:30:00Z,2026-08-31T14:30:00-04:00,2026-08-31,^TNX,4.760000,4.760000,4.760000,4.760000
2026-08-31T18:30:00Z,2026-08-31T14:30:00-04:00,2026-08-31,^TYX,5.256000,5.256000,5.256000,5.256000
2026-08-31T18:31:00Z,2026-08-31T14:31:00-04:00,2026-08-31,^TNX,4.760000,4.760000,4.760000,4.760000
2026-08-31T18:31:00Z,2026-08-31T14:31:00-04:00,2026-08-31,^TYX,5.255000,5.255000,5.255000,5.255000
2026-08-31T18:32:00Z,2026-08-31T14:32:00-04:00,2026-08-31,^TNX,4.760000,4.760000,4.760000,4.760000
2026-08-31T18:32:00Z,2026-08-31T14:32:00-04:00,2026-08-31,^TYX,5.255000,5.255000,5.255000,5.255000
2026-08-31T18:33:00Z,2026-08-31T14:33:00-04:00,2026-08-31,^TNX,4.760000,4.760000,4.760000,4.760000
2026-08-31T18:33:00Z,2026-08-31T14:33:00-04:00,2026-08-31,^TYX,5.255000,5.256000,5.255000,5.256000
2026-08-31T18:34:00Z,2026-08-31T14:34:00-04:00,2026-08-31,^TNX,4.760000,4.760000,4.760000,4.760000
2026-08-31T18:34:00Z,2026-08-31T14:34:00-04:00,2026-08-31,^TYX,5.256000,5.256000,5.256000,5.256000
2026-08-31T18:35:00Z,2026-08-31T14:35:00-04:00,2026-08-31,^TNX,4.760000,4.760000,4.760000,4.760000
2026-08-31T18:35:00Z,2026-08-31T14:35:00-04:00,2026-08-31,^TYX,5.256000,5.256000,5.256000,5.256000
2026-08-31T18:36:00Z,2026-08-31T14:36:00-04:00,2026-08-31,^TNX,4.762000,4.762000,4.762000,4.762000
2026-08-31T18:36:00Z,2026-08-31T14:36:00-04:00,2026-08-31,^TYX,5.256000,5.256000,5.256000,5.256000
2026-08-31T18:37:00Z,2026-08-31T14:37:00-04:00,2026-08-31,^TNX,4.760000,4.760000,4.760000,4.760000
2026-08-31T18:37:00Z,2026-08-31T14:37:00-04:00,2026-08-31,^TYX,5.256000,5.256000,5.252000,5.252000
2026-08-31T18:38:00Z,2026-08-31T14:38:00-04:00,2026-08-31,^TNX,4.760000,4.760000,4.760000,4.760000
2026-08-31T18:38:00Z,2026-08-31T14:38:00-04:00,2026-08-31,^TYX,5.252000,5.254000,5.252000,5.254000
2026-08-31T18:39:00Z,2026-08-31T14:39:00-04:00,2026-08-31,^TNX,4.760000,4.760000,4.760000,4.760000
2026-08-31T18:39:00Z,2026-08-31T14:39:00-04:00,2026-08-31,^TYX,5.254000,5.254000,5.254000,5.254000
2026-08-31T18:40:00Z,2026-08-31T14:40:00-04:00,2026-08-31,^TNX,4.760000,4.760000,4.760000,4.760000
2026-08-31T18:40:00Z,2026-08-31T14:40:00-04:00,2026-08-31,^TYX,5.253000,5.254000,5.253000,5.254000
2026-08-31T18:41:00Z,2026-08-31T14:41:00-04:00,2026-08-31,^TNX,4.760000,4.762000,4.760000,4.762000
2026-08-31T18:41:00Z,2026-08-31T14:41:00-04:00,2026-08-31,^TYX,5.254000,5.256000,5.254000,5.256000
2026-08-31T18:42:00Z,2026-08-31T14:42:00-04:00,2026-08-31,^TNX,4.760000,4.760000,4.760000,4.760000
2026-08-31T18:42:00Z,2026-08-31T14:42:00-04:00,2026-08-31,^TYX,5.255000,5.255000,5.254000,5.254000
2026-08-31T18:43:00Z,2026-08-31T14:43:00-04:00,2026-08-31,^TNX,4.760000,4.760000,4.760000,4.760000
2026-08-31T18:43:00Z,2026-08-31T14:43:00-04:00,2026-08-31,^TYX,5.254000,5.254000,5.254000,5.254000
2026-08-31T18:44:00Z,2026-08-31T14:44:00-04:00,2026-08-31,^TNX,4.760000,4.760000,4.760000,4.760000
2026-08-31T18:44:00Z,2026-08-31T14:44:00-04:00,2026-08-31,^TYX,5.254000,5.254000,5.253000,5.253000
2026-08-31T18:45:00Z,2026-08-31T14:45:00-04:00,2026-08-31,^TNX,4.760000,4.760000,4.760000,4.760000
2026-08-31T18:45:00Z,2026-08-31T14:45:00-04:00,2026-08-31,^TYX,5.253000,5.253000,5.253000,5.253000
2026-08-31T18:46:00Z,2026-08-31T14:46:00-04:00,2026-08-31,^TNX,4.760000,4.760000,4.760000,4.760000
2026-08-31T18:46:00Z,2026-08-31T14:46:00-04:00,2026-08-31,^TYX,5.253000,5.254000,5.253000,5.254000
2026-08-31T18:47:00Z,2026-08-31T14:47:00-04:00,2026-08-31,^TNX,4.760000,4.760000,4.760000,4.760000
2026-08-31T18:47:00Z,2026-08-31T14:47:00-04:00,2026-08-31,^TYX,5.254000,5.254000,5.254000,5.254000
2026-08-31T18:48:00Z,2026-08-31T14:48:00-04:00,2026-08-31,^TNX,4.760000,4.760000,4.760000,4.760000
2026-08-31T18:48:00Z,2026-08-31T14:48:00-04:00,2026-08-31,^TYX,5.254000,5.254000,5.252000,5.252000
2026-08-31T18:49:00Z,2026-08-31T14:49:00-04:00,2026-08-31,^TNX,4.758000,4.758000,4.758000,4.758000
2026-08-31T18:49:00Z,2026-08-31T14:49:00-04:00,2026-08-31,^TYX,5.251000,5.252000,5.251000,5.251000
2026-08-31T18:50:00Z,2026-08-31T14:50:00-04:00,2026-08-31,^TNX,4.756000,4.756000,4.756000,4.756000
2026-08-31T18:50:00Z,2026-08-31T14:50:00-04:00,2026-08-31,^TYX,5.251000,5.251000,5.248000,5.248000
2026-08-31T18:51:00Z,2026-08-31T14:51:00-04:00,2026-08-31,^TNX,4.754000,4.756000,4.754000,4.754000
2026-08-31T18:51:00Z,2026-08-31T14:51:00-04:00,2026-08-31,^TYX,5.248000,5.249000,5.248000,5.248000
2026-08-31T18:52:00Z,2026-08-31T14:52:00-04:00,2026-08-31,^TNX,4.756000,4.756000,4.756000,4.756000
2026-08-31T18:52:00Z,2026-08-31T14:52:00-04:00,2026-08-31,^TYX,5.248000,5.249000,5.248000,5.249000
2026-08-31T18:53:00Z,2026-08-31T14:53:00-04:00,2026-08-31,^TNX,4.756000,4.756000,4.754000,4.754000
2026-08-31T18:53:00Z,2026-08-31T14:53:00-04:00,2026-08-31,^TYX,5.249000,5.249000,5.246000,5.246000
2026-08-31T18:54:00Z,2026-08-31T14:54:00-04:00,2026-08-31,^TNX,4.756000,4.756000,4.754000,4.756000
2026-08-31T18:54:00Z,2026-08-31T14:54:00-04:00,2026-08-31,^TYX,5.248000,5.249000,5.248000,5.249000
2026-08-31T18:55:00Z,2026-08-31T14:55:00-04:00,2026-08-31,^TNX,4.756000,4.756000,4.754000,4.754000
2026-08-31T18:55:00Z,2026-08-31T14:55:00-04:00,2026-08-31,^TYX,5.248000,5.248000,5.246000,5.246000
2026-08-31T18:56:00Z,2026-08-31T14:56:00-04:00,2026-08-31,^TNX,4.754000,4.754000,4.754000,4.754000
2026-08-31T18:56:00Z,2026-08-31T14:56:00-04:00,2026-08-31,^TYX,5.246000,5.246000,5.246000,5.246000
2026-08-31T18:57:00Z,2026-08-31T14:57:00-04:00,2026-08-31,^TNX,4.754000,4.754000,4.754000,4.754000
2026-08-31T18:57:00Z,2026-08-31T14:57:00-04:00,2026-08-31,^TYX,5.246000,5.246000,5.246000,5.246000
2026-08-31T18:58:00Z,2026-08-31T14:58:00-04:00,2026-08-31,^TNX,4.754000,4.754000,4.754000,4.754000
2026-08-31T18:58:00Z,2026-08-31T14:58:00-04:00,2026-08-31,^TYX,5.246000,5.246000,5.246000,5.246000
2026-08-31T18:59:00Z,2026-08-31T14:59:00-04:00,2026-08-31,^TNX,4.754000,4.758000,4.754000,4.758000
2026-08-31T18:59:00Z,2026-08-31T14:59:00-04:00,2026-08-31,^TYX,5.246000,5.249000,5.246000,5.249000
